id_seccion,nombre,distrito,distrito_federal,circunscripcion,lat,lon,poblacion,padron_electoral,lista_nominal,tipo_zona,area,geometry_geojson
3742,Sección 3742 · Tlalpan,16,14,1,19.299978123392297,-99.16240172515359,1105,1232,1222,urbana,9.417447403884328e-06,"{""type"": ""Polygon"", ""coordinates"": [[[-99.16371219856829, 19.3014765438033], [-99.16152665508588, 19.3011221047249], [-99.15935272398728, 19.3000527165514], [-99.16454520009889, 19.2985929113672], [-99.16371219856829, 19.3014765438033]]]}"
3743,Sección 3743 · Tlalpan,16,14,1,19.299991393590727,-99.16527344070222,1366,1136,1124,urbana,4.58935366490008e-06,"{""type"": ""Polygon"", ""coordinates"": [[[-99.16668420941829, 19.2992086815929], [-99.165691547695, 19.3000254851046], [-99.1651783528643, 19.2983596735194], [-99.16371219856829, 19.3014765438033], [-99.16624325203888, 19.3008705402446], [-99.16668420941829, 19.2992086815929]]]}"
3744,Sección 3744 · Tlalpan,16,14,1,19.30146741251486,-99.18164235785152,1698,1401,1395,urbana,2.9911720967752518e-05,"{""type"": ""Polygon"", ""coordinates"": [[[-99.1771615199446, 19.3033064367894], [-99.1859766046908, 19.3028700113003], [-99.1855941944863, 19.299610623893], [-99.1795025413958, 19.2987298730422], [-99.1787610131662, 19.3010595140603], [-99.1771759881034, 19.3010496571234], [-99.1771615199446, 19.3033064367894]]]}"
3745,Sección 3745 · Tlalpan,16,14,1,19.299603759528306,-99.1786531811646,1302,1036,1024,urbana,3.3015867733950334e-06,"{""type"": ""Polygon"", ""coordinates"": [[[-99.17827466207909, 19.301056491151], [-99.1776391696672, 19.3000390990348], [-99.1797985366154, 19.2979882182585], [-99.1787610131662, 19.3010595140603], [-99.17827466207909, 19.301056491151]]]}"
3746,Sección 3746 · Tlalpan,16,14,1,19.301088248108275,-99.17618026403794,2149,1846,1834,urbana,7.53727849636001e-06,"{""type"": ""Polygon"", ""coordinates"": [[[-99.1753387748357, 19.3030734044013], [-99.1771615199446, 19.3033064367894], [-99.1771826786814, 19.3000059960731], [-99.17536629857871, 19.2983798109599], [-99.1753387748357, 19.3030734044013]]]}"
3747,Sección 3747 · Tlalpan,16,14,1,19.30067115846745,-99.17471396579401,1497,1234,1218,urbana,5.778567544031777e-06,"{""type"": ""Polygon"", ""coordinates"": [[[-99.174086402163, 19.3028900058418], [-99.1753387748357, 19.3030734044013], [-99.17474063897832, 19.2980863249974], [-99.17405979666611, 19.2985493516536], [-99.174086402163, 19.3028900058418]]]}"
3748,Sección 3748 · Tlalpan,16,14,1,19.300685205454844,-99.17346252064179,1224,1357,1341,urbana,5.233881306409724e-06,"{""type"": ""Polygon"", ""coordinates"": [[[-99.17285339461918, 19.3027309276467], [-99.174086402163, 19.3028900058418], [-99.17405979666611, 19.2985493516536], [-99.1728343355566, 19.2985574832778], [-99.17285339461918, 19.3027309276467]]]}"
3749,Sección 3749 · Tlalpan,16,14,1,19.300605760411727,-99.17222109036734,959,1332,1324,urbana,5.11739226739799e-06,"{""type"": ""Polygon"", ""coordinates"": [[[-99.171590504269, 19.3025475299899], [-99.17285339461918, 19.3027309276467], [-99.1728343355566, 19.2985574832778], [-99.1715863563691, 19.2985686084938], [-99.171590504269, 19.3025475299899]]]}"
3750,Sección 3750 · Tlalpan,16,14,1,19.300515125238825,-99.17097582217315,1230,1249,1234,urbana,4.806183709700229e-06,"{""type"": ""Polygon"", ""coordinates"": [[[-99.17035629601469, 19.3023768307363], [-99.171590504269, 19.3025475299899], [-99.1715863563691, 19.2985686084938], [-99.1703523519442, 19.2985662533265], [-99.17035629601469, 19.3023768307363]]]}"
3751,Sección 3751 · Tlalpan,16,14,1,19.300642907583427,-99.16954785498301,1069,1257,1246,urbana,5.669108084271693e-06,"{""type"": ""Polygon"", ""coordinates"": [[[-99.17035629601469, 19.3023768307363], [-99.1703523519442, 19.2985662533265], [-99.1701316141877, 19.2985546558994], [-99.16853181269359, 19.302139063677], [-99.17035629601469, 19.3023768307363]]]}"
3752,Sección 3752 · Tlalpan,16,14,1,19.30054915856424,-99.16725083650921,1524,1540,1524,urbana,8.628977594637506e-06,"{""type"": ""Polygon"", ""coordinates"": [[[-99.16853181269359, 19.302139063677], [-99.1643357868635, 19.3015451904717], [-99.1644494622872, 19.3008729538], [-99.16912442428482, 19.2989071792067], [-99.16853181269359, 19.302139063677]]]}"
3753,Sección 3753 · Tlalpan,16,14,1,19.298253243989702,-99.16544868804583,1547,1409,1399,urbana,5.077081715431418e-06,"{""type"": ""Polygon"", ""coordinates"": [[[-99.1633291291781, 19.2981905835312], [-99.1661881780036, 19.2987488467681], [-99.165691547695, 19.3000254851046], [-99.1661214654346, 19.300045761578], [-99.1672016894354, 19.29770060023], [-99.1633291291781, 19.2981905835312]]]}"
3754,Sección 3754 · Tlalpan,16,14,1,19.297568959089595,-99.16068848372797,1750,1219,1212,urbana,1.9562556209132605e-05,"{""type"": ""Polygon"", ""coordinates"": [[[-99.1643161742787, 19.2955745098896], [-99.163203898174, 19.2951269280502], [-99.1566198378147, 19.2967819964141], [-99.15935272398728, 19.3000527165514], [-99.1614461227332, 19.2997269518148], [-99.1643161742787, 19.2955745098896]]]}"
3755,Sección 3755 · Tlalpan,16,14,1,19.294815577246148,-99.1582723004872,853,800,783,urbana,1.4532403528345203e-05,"{""type"": ""Polygon"", ""coordinates"": [[[-99.1563557179803, 19.2968472755713], [-99.1551812096693, 19.2952772354375], [-99.1589239536217, 19.2924700200624], [-99.1604731878438, 19.2931468679679], [-99.1613813032789, 19.2949584068358], [-99.1563557179803, 19.2968472755713]]]}"
3756,Sección 3756 · Tlalpan,16,14,1,19.29398615404154,-99.16319526871075,798,739,734,urbana,1.7487429329662063e-05,"{""type"": ""Polygon"", ""coordinates"": [[[-99.1604731878438, 19.2931468679679], [-99.1625373794872, 19.2938393874525], [-99.1636331821533, 19.2909920863211], [-99.1662001364695, 19.2918913525418], [-99.1645782905731, 19.2944336479727], [-99.1655209495592, 19.2960101496755], [-99.163203898174, 19.2951269280502], [-99.1604433436043, 19.2965275575138], [-99.1580137264461, 19.296466447651], [-99.1613813032789, 19.2949584068358], [-99.1604731878438, 19.2931468679679]]]}"
3757,Sección 3757 · Tlalpan,16,14,1,19.29692370780833,-99.16643364957856,1247,1088,1078,urbana,9.498399114938897e-06,"{""type"": ""Polygon"", ""coordinates"": [[[-99.1633291291781, 19.2981905835312], [-99.1643161742787, 19.2955745098896], [-99.1689651141903, 19.2961297719702], [-99.16791705891691, 19.298812248067], [-99.1651388363766, 19.2969853188159], [-99.1633291291781, 19.2981905835312]]]}"
3758,Sección 3758 · Tlalpan,16,14,1,19.29826261706343,-99.17210594794177,1635,1742,1716,urbana,5.9194057697096456e-06,"{""type"": ""Polygon"", ""coordinates"": [[[-99.1748193984027, 19.2974294403448], [-99.1682883091686, 19.2978217913264], [-99.16791705891691, 19.298812248067], [-99.1763360571123, 19.298835635693], [-99.1748193984027, 19.2974294403448]]]}"
3759,Sección 3759 · Tlalpan,16,14,1,19.29457521273023,-99.18044506278859,828,774,769,urbana,8.17242207073348e-06,"{""type"": ""Polygon"", ""coordinates"": [[[-99.1847195493148, 19.2955559656607], [-99.1834477425097, 19.2949777702252], [-99.1782332842646, 19.2928728317591], [-99.1780523157863, 19.2952304428512], [-99.1847195493148, 19.2955559656607]]]}"
3760,Sección 3760 · Tlalpan,16,14,1,19.297578857694585,-99.18267664570986,430,425,422,urbana,2.1213207318419835e-05,"{""type"": ""Polygon"", ""coordinates"": [[[-99.1847195493148, 19.2955559656607], [-99.18054399071191, 19.2953668335728], [-99.1795025413958, 19.2987298730422], [-99.1855941944863, 19.299610623893], [-99.1847195493148, 19.2955559656607]]]}"
3761,Sección 3761 · Tlalpan,16,14,1,19.297216777878162,-99.17764556846726,808,719,705,urbana,1.798968740923727e-05,"{""type"": ""Polygon"", ""coordinates"": [[[-99.1763360571123, 19.298835635693], [-99.1748193984027, 19.2974294403448], [-99.1756302924874, 19.2950978318078], [-99.18054399071191, 19.2953668335728], [-99.17827466207909, 19.301056491151], [-99.1763360571123, 19.298835635693]]]}"
3762,Sección 3762 · Tlalpan,16,14,1,19.29721796091085,-99.17164993992688,2085,1710,1686,urbana,8.349597336383147e-06,"{""type"": ""Polygon"", ""coordinates"": [[[-99.17516644358498, 19.2966335548587], [-99.1689651141903, 19.2961297719702], [-99.1682883091686, 19.2978217913264], [-99.17457620041938, 19.2978725413377], [-99.17516644358498, 19.2966335548587]]]}"
3763,Sección 3763 · Tlalpan,16,14,1,19.29548850353252,-99.17218963776862,1626,1659,1643,urbana,1.3847441982460281e-05,"{""type"": ""Polygon"", ""coordinates"": [[[-99.1756302924874, 19.2950978318078], [-99.1707580623609, 19.2934512736774], [-99.1689651141903, 19.2961297719702], [-99.1726930034821, 19.2972345130071], [-99.1756302924874, 19.2950978318078]]]}"
3764,Sección 3764 · Tlalpan,16,14,1,19.294315657841658,-99.16730692459892,754,694,683,urbana,1.268099754604115e-05,"{""type"": ""Polygon"", ""coordinates"": [[[-99.1689651141903, 19.2961297719702], [-99.170363408481, 19.294396470635], [-99.1662001364695, 19.2918913525418], [-99.1645782905731, 19.2944336479727], [-99.1655209495592, 19.2960101496755], [-99.1689651141903, 19.2961297719702]]]}"
3765,Sección 3765 · Tlalpan,16,14,1,19.289434670689065,-99.1638609439572,1153,1058,1042,urbana,3.018710465770048e-05,"{""type"": ""Polygon"", ""coordinates"": [[[-99.1589239536217, 19.2924700200624], [-99.1624148761067, 19.2897841474168], [-99.1640311780754, 19.2850069250686], [-99.16747756182751, 19.2860583944781], [-99.1655974377277, 19.2916802166063], [-99.1636331821533, 19.2909920863211], [-99.1625373794872, 19.2938393874525], [-99.1589239536217, 19.2924700200624]]]}"
3766,Sección 3766 · Tlalpan,16,14,1,19.290011628078567,-99.16958310670825,1579,1053,1040,urbana,4.054285335508207e-05,"{""type"": ""Polygon"", ""coordinates"": [[[-99.16747756182751, 19.2860583944781], [-99.1743623842359, 19.2887067572951], [-99.170363408481, 19.294396470635], [-99.1655974377277, 19.2916802166063], [-99.16747756182751, 19.2860583944781]]]}"
3767,Sección 3767 · Tlalpan,16,14,1,19.293053051916168,-99.17464201004385,1289,1220,1205,urbana,2.2000450920394807e-05,"{""type"": ""Polygon"", ""coordinates"": [[[-99.1780523157863, 19.2952304428512], [-99.1782332842646, 19.2928728317591], [-99.173620634083, 19.2897596410403], [-99.1707580623609, 19.2934512736774], [-99.1780523157863, 19.2952304428512]]]}"
3769,Sección 3769 · Tlalpan,14,14,2,19.305327882372026,-99.2278497955654,1330,1097,1085,urbana,1.983312120170285e-05,"{""type"": ""Polygon"", ""coordinates"": [[[-99.2312805349435, 19.3052235613644], [-99.22437194031, 19.3075222598052], [-99.2228564916865, 19.3088220129231], [-99.2243992895485, 19.3055162998116], [-99.23035357231008, 19.3018717061084], [-99.2312805349435, 19.3052235613644]]]}"
3770,Sección 3770 · Tlalpan,14,14,2,19.30868731356937,-99.22531995117842,1259,924,920,urbana,9.744068043027474e-06,"{""type"": ""Polygon"", ""coordinates"": [[[-99.22404131698671, 19.3109130348468], [-99.2228564916865, 19.3088220129231], [-99.227171688637, 19.3065858125538], [-99.2277925192274, 19.3079000321833], [-99.22404131698671, 19.3109130348468]]]}"
3771,Sección 3771 · Tlalpan,14,14,2,19.305260095891125,-99.22409178284778,1297,1362,1350,urbana,4.780258699220871e-05,"{""type"": ""Polygon"", ""coordinates"": [[[-99.22404131698671, 19.3109130348468], [-99.222748421994, 19.30924162395], [-99.2243898901138, 19.3068282309634], [-99.2232161002551, 19.3039830087413], [-99.2245896151235, 19.3050053461108], [-99.2272976670449, 19.3039305518554], [-99.2313613906318, 19.2996998736619], [-99.2268582007987, 19.2988109133866], [-99.2271914143745, 19.3026026744081], [-99.22066354340322, 19.3038573954143], [-99.2188564343425, 19.3106662862021], [-99.22404131698671, 19.3109130348468]]]}"
3772,Sección 3772 · Tlalpan,14,14,2,19.306989886880128,-99.21866490312519,698,473,469,urbana,1.3703949397868768e-05,"{""type"": ""Polygon"", ""coordinates"": [[[-99.2180479767555, 19.3096299224442], [-99.21645227495, 19.3081641681282], [-99.2169699282505, 19.3061306518835], [-99.2184350317628, 19.3062399192747], [-99.219123853428, 19.3035645142197], [-99.22066354340322, 19.3038573954143], [-99.2188564343425, 19.3106662862021], [-99.2180479767555, 19.3096299224442]]]}"
3773,Sección 3773 · Tlalpan,14,14,2,19.303890831407177,-99.21819952471188,1156,870,867,urbana,7.189811556929277e-06,"{""type"": ""Polygon"", ""coordinates"": [[[-99.2184350317628, 19.3062399192747], [-99.2169278388142, 19.3058519609344], [-99.218068524095, 19.3012795630917], [-99.2194363447825, 19.3021988091273], [-99.2184350317628, 19.3062399192747]]]}"
3774,Sección 3774 · Tlalpan,14,14,2,19.300907697197097,-99.21411140559088,2734,2318,2284,urbana,0.00012219095338885513,"{""type"": ""Polygon"", ""coordinates"": [[[-99.21645227495, 19.3081641681282], [-99.2037729250802, 19.3049909050283], [-99.21584429462538, 19.2936706086386], [-99.22142251248509, 19.2934529370721], [-99.222377852833, 19.2976030632109], [-99.2190971366834, 19.2974555205507], [-99.21645227495, 19.3081641681282]]]}"
3775,Sección 3775 · Tlalpan,14,14,2,19.301004254691538,-99.20045921649366,1724,1389,1367,urbana,4.075468757320139e-05,"{""type"": ""Polygon"", ""coordinates"": [[[-99.2038779786929, 19.3053435275243], [-99.1977673188723, 19.3028371984245], [-99.198592937357, 19.3013281851276], [-99.1968276959424, 19.3006979433779], [-99.1977625104363, 19.3000312639392], [-99.1955795634856, 19.2966782321053], [-99.2012676031351, 19.297437003481], [-99.2034613777998, 19.3002707158731], [-99.2015235922026, 19.3012717184498], [-99.20195973791971, 19.3024495154278], [-99.2060915805635, 19.303510765328], [-99.2038779786929, 19.3053435275243]]]}"
3776,Sección 3776 · Tlalpan,14,14,2,19.299773024876135,-99.19440731293452,1258,1011,1001,urbana,2.9081714210712637e-05,"{""type"": ""Polygon"", ""coordinates"": [[[-99.19716063713662, 19.3025357813585], [-99.1906519146913, 19.3023562757949], [-99.19226112075401, 19.2966808242104], [-99.1939417593249, 19.2959942550147], [-99.196319568085, 19.2979625551676], [-99.1977625104363, 19.3000312639392], [-99.1968276959424, 19.3006979433779], [-99.198635165583, 19.3014612781365], [-99.19716063713662, 19.3025357813585]]]}"
3777,Sección 3777 · Tlalpan,14,14,2,19.29981876955606,-99.18923653879729,1154,856,844,urbana,2.828338522194457e-05,"{""type"": ""Polygon"", ""coordinates"": [[[-99.1906519146913, 19.3023562757949], [-99.1859766046908, 19.3028700113003], [-99.18565661225608, 19.3001333922611], [-99.1894350864004, 19.2963796055863], [-99.19226112075401, 19.2966808242104], [-99.1906519146913, 19.3023562757949]]]}"
3778,Sección 3778 · Tlalpan,14,14,2,19.298524866857996,-99.18661486498941,771,568,561,urbana,5.393237839901743e-06,"{""type"": ""Polygon"", ""coordinates"": [[[-99.18565661225608, 19.3001333922611], [-99.1877109065234, 19.2992883188008], [-99.1877386437283, 19.2970488647024], [-99.1853649173484, 19.297594432], [-99.18565661225608, 19.3001333922611]]]}"
3779,Sección 3779 · Tlalpan,14,14,2,19.29664659647534,-99.18710233897524,774,609,606,urbana,6.582077271558789e-06,"{""type"": ""Polygon"", ""coordinates"": [[[-99.1889586642758, 19.2976864663828], [-99.1853649173484, 19.297594432], [-99.1847195493148, 19.2955559656607], [-99.1894350864004, 19.2963796055863], [-99.1889586642758, 19.2976864663828]]]}"
3780,Sección 3780 · Tlalpan,14,14,2,19.291981101729533,-99.19918702862715,1375,1237,1225,urbana,0.0002923144133597899,"{""type"": ""Polygon"", ""coordinates"": [[[-99.21279823967001, 19.2976174611869], [-99.1894350864004, 19.2963796055863], [-99.17960549163828, 19.2933722723624], [-99.1857891815133, 19.2926916844673], [-99.1859065642392, 19.2899459832473], [-99.18910906621818, 19.2867054043092], [-99.20951716228679, 19.2861234000488], [-99.2123102604712, 19.2881162952578], [-99.21083307837891, 19.2924958666203], [-99.21530397453999, 19.2944469245629], [-99.21279823967001, 19.2976174611869]]]}"
3781,Sección 3781 · Tlalpan,14,14,2,19.300002544143513,-99.20594231694697,2497,1738,1718,urbana,3.8118412274678545e-05,"{""type"": ""Polygon"", ""coordinates"": [[[-99.2060915805635, 19.303510765328], [-99.20195973791971, 19.3024495154278], [-99.2015235922026, 19.3012717184498], [-99.2034613777998, 19.3002707158731], [-99.2012676031351, 19.297437003481], [-99.21279823967001, 19.2976174611869], [-99.2060915805635, 19.303510765328]]]}"
3782,Sección 3782 · Tlalpan,14,14,2,19.298724780109538,-99.21972546802431,828,594,588,urbana,4.536329466932387e-06,"{""type"": ""Polygon"", ""coordinates"": [[[-99.2195467870398, 19.3002820409462], [-99.21843719040379, 19.2998900023093], [-99.2190971366834, 19.2974555205507], [-99.22138466324229, 19.2979489882017], [-99.2195467870398, 19.3002820409462]]]}"
3783,Sección 3783 · Tlalpan,14,14,2,19.300063828341536,-99.22044193985033,1148,852,841,urbana,9.71590436540857e-06,"{""type"": ""Polygon"", ""coordinates"": [[[-99.2202626575601, 19.301875267135], [-99.218068524095, 19.3012795630917], [-99.2211762625134, 19.2986447391527], [-99.22115028965989, 19.2967513139801], [-99.22228553942638, 19.2976166630381], [-99.2202626575601, 19.301875267135]]]}"
3784,Sección 3784 · Tlalpan,14,14,2,19.302862174096944,-99.22011457900487,385,282,276,urbana,2.9464164311132088e-06,"{""type"": ""Polygon"", ""coordinates"": [[[-99.22066354340322, 19.3038573954143], [-99.21899029490922, 19.3033284809085], [-99.2201354783949, 19.3018593975342], [-99.22117817492858, 19.3020430270121], [-99.22066354340322, 19.3038573954143]]]}"
3785,Sección 3785 · Tlalpan,14,14,2,19.3026949418335,-99.22297435163955,1770,1697,1676,urbana,6.864431639037018e-06,"{""type"": ""Polygon"", ""coordinates"": [[[-99.2252855811332, 19.3029457842349], [-99.22224262498202, 19.3037459008056], [-99.22066354340322, 19.3038573954143], [-99.22117817492858, 19.3020430270121], [-99.2252528109517, 19.3016797223633], [-99.2252855811332, 19.3029457842349]]]}"
3786,Sección 3786 · Tlalpan,14,14,2,19.30092414781575,-99.22306193789356,1757,1687,1673,urbana,6.6493270760444036e-06,"{""type"": ""Polygon"", ""coordinates"": [[[-99.2252528109517, 19.3016797223633], [-99.22117817492858, 19.3020430270121], [-99.2219107756455, 19.2991129459019], [-99.2226452823598, 19.3004852454105], [-99.225131807659, 19.3002958655965], [-99.2252528109517, 19.3016797223633]]]}"
3787,Sección 3787 · Tlalpan,14,14,2,19.299223869384903,-99.22425555803282,1778,1643,1630,urbana,6.759362458189018e-06,"{""type"": ""Polygon"", ""coordinates"": [[[-99.2257790225554, 19.300243744282], [-99.2226452823598, 19.3004852454105], [-99.2230459294246, 19.2979326867382], [-99.2249927928289, 19.2985102508098], [-99.2255168052207, 19.2973631863097], [-99.2257790225554, 19.300243744282]]]}"
3788,Sección 3788 · Tlalpan,14,14,2,19.300971888765325,-99.2261940235833,1839,1753,1718,urbana,6.477515884809549e-06,"{""type"": ""Polygon"", ""coordinates"": [[[-99.2271914143745, 19.3026026744081], [-99.2253614469796, 19.3029509097648], [-99.2256517528178, 19.298816141266], [-99.2268582007987, 19.2988109133866], [-99.2271914143745, 19.3026026744081]]]}"
3789,Sección 3789 · Tlalpan,14,14,2,19.302286573396916,-99.22960850896321,1210,636,630,urbana,9.367122037512273e-06,"{""type"": ""Polygon"", ""coordinates"": [[[-99.2314955758182, 19.3033680445867], [-99.23035357231008, 19.3018717061084], [-99.2274677828684, 19.3043505838497], [-99.2243992895485, 19.3055162998116], [-99.2232161002551, 19.3039830087413], [-99.2245896151235, 19.3050053461108], [-99.228955356847, 19.3030427670533], [-99.230852652966, 19.2994217880534], [-99.2332371290169, 19.3007854673203], [-99.2314955758182, 19.3033680445867]]]}"
3790,Sección 3790 · Tlalpan,14,14,5,19.29745856156837,-99.23231465704403,1881,1568,1552,urbana,8.42493541124774e-06,"{""type"": ""Polygon"", ""coordinates"": [[[-99.2325150349895, 19.2998665859365], [-99.230852652966, 19.2994217880534], [-99.2306805369918, 19.2969730406745], [-99.23498871181141, 19.2949285103626], [-99.2325150349895, 19.2998665859365]]]}"
3791,Sección 3791 · Tlalpan,14,14,5,19.29740130614092,-99.2296704697733,1970,1643,1629,urbana,9.512302841756046e-06,"{""type"": ""Polygon"", ""coordinates"": [[[-99.230852652966, 19.2994217880534], [-99.22818482770461, 19.2989862216545], [-99.2285016253519, 19.2957223838886], [-99.2312138983791, 19.2955049336817], [-99.230852652966, 19.2994217880534]]]}"
3792,Sección 3792 · Tlalpan,14,14,5,19.297209353120806,-99.22678205329994,1898,1531,1523,urbana,9.257843233167217e-06,"{""type"": ""Polygon"", ""coordinates"": [[[-99.22818482770461, 19.2989862216545], [-99.2256517528178, 19.298816141266], [-99.2247503871923, 19.2960227191574], [-99.2285016253519, 19.2957223838886], [-99.22818482770461, 19.2989862216545]]]}"
3793,Sección 3793 · Tlalpan,14,14,2,19.297404951239155,-99.22346432134457,1765,1565,1544,urbana,6.354565771145874e-06,"{""type"": ""Polygon"", ""coordinates"": [[[-99.2231397601794, 19.2990385284558], [-99.2219107756455, 19.2991129459019], [-99.22225521766092, 19.296200535818], [-99.2247503871923, 19.2960227191574], [-99.2249927928289, 19.2985102508098], [-99.2230459294246, 19.2979326867382], [-99.2231397601794, 19.2990385284558]]]}"
3794,Sección 3794 · Tlalpan,14,14,5,19.294709178158563,-99.22340192627559,1914,1665,1651,urbana,7.0271745368335924e-06,"{""type"": ""Polygon"", ""coordinates"": [[[-99.2247503871923, 19.2960227191574], [-99.22225521766092, 19.296200535818], [-99.222055065865, 19.2934038711627], [-99.2245413079666, 19.2932071698048], [-99.2247503871923, 19.2960227191574]]]}"
3795,Sección 3795 · Tlalpan,14,14,5,19.294624455991478,-99.22627481413865,1865,1575,1562,urbana,8.828016305541882e-06,"{""type"": ""Polygon"", ""coordinates"": [[[-99.2285016253519, 19.2957223838886], [-99.2247503871923, 19.2960227191574], [-99.2245413079666, 19.2932071698048], [-99.2270164931829, 19.292991450821], [-99.2285016253519, 19.2957223838886]]]}"
3796,Sección 3796 · Tlalpan,14,14,5,19.293419708514875,-99.22877954718442,1808,1612,1600,urbana,1.1497373351385571e-05,"{""type"": ""Polygon"", ""coordinates"": [[[-99.2305507692576, 19.2955510586422], [-99.2271250079507, 19.294427711046], [-99.2269129449116, 19.2916209010678], [-99.22993021855069, 19.2913836004483], [-99.2305507692576, 19.2955510586422]]]}"
3797,Sección 3797 · Tlalpan,14,14,5,19.29245830035917,-99.2315227219254,1865,1522,1512,urbana,1.2745433355256411e-05,"{""type"": ""Polygon"", ""coordinates"": [[[-99.2336104885979, 19.2939339883724], [-99.2310983015874, 19.294109147367], [-99.2305507692576, 19.2955510586422], [-99.22982432977868, 19.2900161489504], [-99.2333774741127, 19.2911356769594], [-99.2336104885979, 19.2939339883724]]]}"
3798,Sección 3798 · Tlalpan,14,14,5,19.294726835407914,-99.23417004677452,1965,1682,1665,urbana,9.8142058946149e-06,"{""type"": ""Polygon"", ""coordinates"": [[[-99.23192828969, 19.2968878644414], [-99.2310983015874, 19.294109147367], [-99.2401727015335, 19.2940822752085], [-99.23235474054631, 19.2954508392475], [-99.23192828969, 19.2968878644414]]]}"
3799,Sección 3799 · Tlalpan,14,14,5,19.291543209593236,-99.24032032299043,4045,3219,3185,urbana,2.081297086615594e-05,"{""type"": ""Polygon"", ""coordinates"": [[[-99.2419740753493, 19.2931678119432], [-99.23800499394568, 19.2939698323515], [-99.2384383155919, 19.2893414782504], [-99.24286128927369, 19.2892924979993], [-99.2419740753493, 19.2931678119432]]]}"
3800,Sección 3800 · Tlalpan,14,14,5,19.2915228992372,-99.2367416511827,2107,1796,1778,urbana,1.242781727879526e-05,"{""type"": ""Polygon"", ""coordinates"": [[[-99.23800499394568, 19.2939698323515], [-99.2354645729966, 19.2938046925996], [-99.2351223690559, 19.2895689150409], [-99.2384383155919, 19.2893414782504], [-99.23800499394568, 19.2939698323515]]]}"
3801,Sección 3801 · Tlalpan,14,14,5,19.29144395014965,-99.23387465085192,1747,1500,1482,urbana,1.0504707424089358e-05,"{""type"": ""Polygon"", ""coordinates"": [[[-99.2354645729966, 19.2938046925996], [-99.2336104885979, 19.2939339883724], [-99.2333774741127, 19.2911356769594], [-99.231512315831, 19.2912544557873], [-99.2313941925522, 19.2898703960909], [-99.2351223690559, 19.2895689150409], [-99.2354645729966, 19.2938046925996]]]}"
3802,Sección 3802 · Tlalpan,14,14,5,19.290042281159558,-99.22812706451866,1718,1609,1598,urbana,9.447969614195159e-06,"{""type"": ""Polygon"", ""coordinates"": [[[-99.2269129449116, 19.2916209010678], [-99.2260366990883, 19.2888551608825], [-99.2297046460822, 19.2885768294411], [-99.22993021855069, 19.2913836004483], [-99.2269129449116, 19.2916209010678]]]}"
3803,Sección 3803 · Tlalpan,14,14,5,19.291121589816647,-99.22551821236736,1709,1611,1597,urbana,9.717791680642724e-06,"{""type"": ""Polygon"", ""coordinates"": [[[-99.2270164931829, 19.292991450821], [-99.2245413079666, 19.2932071698048], [-99.22415131044352, 19.2889569488908], [-99.2260366990883, 19.2888551608825], [-99.2270164931829, 19.292991450821]]]}"
3804,Sección 3804 · Tlalpan,14,14,5,19.292743081044296,-99.22143701588118,1760,1614,1603,urbana,9.694780590173465e-06,"{""type"": ""Polygon"", ""coordinates"": [[[-99.2221551409808, 19.2948022035062], [-99.22142251248509, 19.2934529370721], [-99.2189461538063, 19.2936464027967], [-99.21863687836108, 19.290828600387], [-99.2193981569168, 19.2921953302353], [-99.2244134130157, 19.2918133851651], [-99.2221551409808, 19.2948022035062]]]}"
3805,Sección 3805 · Tlalpan,14,14,5,19.290587238314437,-99.22179146808473,1556,1460,1443,urbana,1.4256684825920412e-05,"{""type"": ""Polygon"", ""coordinates"": [[[-99.2244134130157, 19.2918133851651], [-99.2193981569168, 19.2921953302353], [-99.2191499927293, 19.2893857434182], [-99.22415131044352, 19.2889569488908], [-99.2244134130157, 19.2918133851651]]]}"
3806,Sección 3806 · Tlalpan,14,14,5,19.289498547080587,-99.21899768998364,1828,1586,1574,urbana,2.1041680517015363e-05,"{""type"": ""Polygon"", ""coordinates"": [[[-99.222294050454, 19.2891161998783], [-99.2191499927293, 19.2893857434182], [-99.2189461538063, 19.2936464027967], [-99.21584429462538, 19.2936706086386], [-99.21839292358298, 19.2852214076264], [-99.22143603031279, 19.2864112181391], [-99.222294050454, 19.2891161998783]]]}"
3807,Sección 3807 · Tlalpan,14,14,2,19.29155753503813,-99.21384568377782,1421,1146,1131,urbana,2.100424691965361e-05,"{""type"": ""Polygon"", ""coordinates"": [[[-99.2152578417129, 19.2944299971047], [-99.21083307837891, 19.2924958666203], [-99.21142377975839, 19.2871359849391], [-99.2126735717545, 19.2870615389402], [-99.2128909299069, 19.2898491363714], [-99.21708808102258, 19.290979329174], [-99.2152578417129, 19.2944299971047]]]}"
3808,Sección 3808 · Tlalpan,14,14,2,19.287470967057295,-99.2158869136553,1343,1138,1128,urbana,2.7348994171354795e-05,"{""type"": ""Polygon"", ""coordinates"": [[[-99.21554046779299, 19.2910662428457], [-99.215408918608, 19.2896763242265], [-99.2128909299069, 19.2898491363714], [-99.2126735717545, 19.2870615389402], [-99.215715877498, 19.2854274288107], [-99.2155640617614, 19.2840177933717], [-99.21764813938239, 19.283883759274], [-99.21834701582529, 19.2872589394331], [-99.21708808102258, 19.290979329174], [-99.21554046779299, 19.2910662428457]]]}"
3809,Sección 3809 · Tlalpan,14,14,5,19.285844266244325,-99.2211765192431,1910,1765,1750,urbana,1.4847040139150411e-05,"{""type"": ""Polygon"", ""coordinates"": [[[-99.22415131044352, 19.2889569488908], [-99.222294050454, 19.2891161998783], [-99.22143603031279, 19.2864112181391], [-99.21839292358298, 19.2852214076264], [-99.21764813938239, 19.283883759274], [-99.2193214274278, 19.2837169138452], [-99.2191807138586, 19.2823389828706], [-99.2204235747567, 19.2822583623648], [-99.2220262005245, 19.2863511577483], [-99.2239217469107, 19.2862037813299], [-99.22415131044352, 19.2889569488908]]]}"
3810,Sección 3810 · Tlalpan,14,14,5,19.285900488534992,-99.22502351053342,1527,1357,1337,urbana,1.2310680717317035e-05,"{""type"": ""Polygon"", ""coordinates"": [[[-99.2260366990883, 19.2888551608825], [-99.22415131044352, 19.2889569488908], [-99.2236957033012, 19.2833819220112], [-99.2261953043244, 19.2832074065162], [-99.2260366990883, 19.2888551608825]]]}"
3811,Sección 3811 · Tlalpan,14,14,5,19.287300578211873,-99.22778903019804,1433,1253,1245,urbana,1.0575243242155153e-05,"{""type"": ""Polygon"", ""coordinates"": [[[-99.2297046460822, 19.2885768294411], [-99.2260366990883, 19.2888551608825], [-99.22578953151039, 19.2860696069321], [-99.22961271333, 19.285740441967], [-99.2297046460822, 19.2885768294411]]]}"
3812,Sección 3812 · Tlalpan,14,14,5,19.287913898288906,-99.23153637669496,2218,1939,1925,urbana,1.5216567337701883e-05,"{""type"": ""Polygon"", ""coordinates"": [[[-99.23385651994111, 19.2896712872039], [-99.22982432977868, 19.2900161489504], [-99.22961271333, 19.285740441967], [-99.2322829700791, 19.2855533375314], [-99.23385651994111, 19.2896712872039]]]}"
3813,Sección 3813 · Tlalpan,14,14,5,19.287209391812482,-99.23476939007607,2006,1804,1790,urbana,1.330876780507736e-05,"{""type"": ""Polygon"", ""coordinates"": [[[-99.2363728403334, 19.2894884757144], [-99.23385651994111, 19.2896712872039], [-99.2322829700791, 19.2855533375314], [-99.2366430868631, 19.2852307910262], [-99.2363728403334, 19.2894884757144]]]}"
3814,Sección 3814 · Tlalpan,14,14,5,19.286821879239856,-99.23819419644836,2386,1948,1931,urbana,1.2481799455860039e-05,"{""type"": ""Polygon"", ""coordinates"": [[[-99.2384383155919, 19.2893414782504], [-99.2363728403334, 19.2894884757144], [-99.2366430868631, 19.2852307910262], [-99.24117360057231, 19.2848876848638], [-99.2413460019607, 19.2862226977689], [-99.2382448405633, 19.2865257105612], [-99.2384383155919, 19.2893414782504]]]}"
3815,Sección 3815 · Tlalpan,14,14,5,19.28791713043192,-99.23981676991042,1584,1423,1410,urbana,8.14318984101025e-06,"{""type"": ""Polygon"", ""coordinates"": [[[-99.2423802379873, 19.2892492215905], [-99.2384383155919, 19.2893414782504], [-99.2382448405633, 19.2865257105612], [-99.2407780443881, 19.286358319971], [-99.2423802379873, 19.2892492215905]]]}"
3816,Sección 3816 · Tlalpan,14,14,5,19.2826826660095,-99.2415687266146,2912,2361,2341,urbana,1.4378101541705213e-05,"{""type"": ""Polygon"", ""coordinates"": [[[-99.24102736211141, 19.2868705076471], [-99.2395644183534, 19.2806843815507], [-99.2448886157932, 19.2795871446063], [-99.2419846044371, 19.2831772682656], [-99.2429465866797, 19.2841816640055], [-99.24102736211141, 19.2868705076471]]]}"
3817,Sección 3817 · Tlalpan,14,14,5,19.282612834262718,-99.23833147292086,2314,2012,1998,urbana,1.4370833272937633e-05,"{""type"": ""Polygon"", ""coordinates"": [[[-99.2405286919669, 19.2849365320891], [-99.23726724222878, 19.2851892692964], [-99.236208699175, 19.2796204245703], [-99.2395644183534, 19.2806843815507], [-99.2405286919669, 19.2849365320891]]]}"
3818,Sección 3818 · Tlalpan,14,14,5,19.282629823445212,-99.23573299832525,2197,1933,1913,urbana,1.338580990564048e-05,"{""type"": ""Polygon"", ""coordinates"": [[[-99.23726724222878, 19.2851892692964], [-99.23475275702782, 19.2853706439908], [-99.2342798264424, 19.279776999651], [-99.236208699175, 19.2796204245703], [-99.23726724222878, 19.2851892692964]]]}"
3819,Sección 3819 · Tlalpan,14,14,5,19.283371164082723,-99.23334221178465,1452,1314,1302,urbana,1.0393911472475002e-05,"{""type"": ""Polygon"", ""coordinates"": [[[-99.23475275702782, 19.2853706439908], [-99.2322829700791, 19.2855533375314], [-99.2319293286807, 19.2813872808579], [-99.2343979909212, 19.2811746445799], [-99.23475275702782, 19.2853706439908]]]}"
3820,Sección 3820 · Tlalpan,14,14,5,19.283571607169975,-99.23078413315183,1769,1636,1617,urbana,1.1086606922891578e-05,"{""type"": ""Polygon"", ""coordinates"": [[[-99.2322829700791, 19.2855533375314], [-99.22961271333, 19.285740441967], [-99.2293218104471, 19.2815695221992], [-99.2319293286807, 19.2813872808579], [-99.2322829700791, 19.2855533375314]]]}"
3821,Sección 3821 · Tlalpan,14,14,5,19.284412129153264,-99.22795202435289,1523,1372,1363,urbana,9.349987254255734e-06,"{""type"": ""Polygon"", ""coordinates"": [[[-99.22961271333, 19.285740441967], [-99.2264213723172, 19.2860160747863], [-99.2261953043244, 19.2832074065162], [-99.2293849759028, 19.2824449476836], [-99.22961271333, 19.285740441967]]]}"
3822,Sección 3822 · Tlalpan,14,14,5,19.28230807914921,-99.22602690945604,1502,1297,1284,urbana,9.183949444585862e-06,"{""type"": ""Polygon"", ""coordinates"": [[[-99.22866645404662, 19.2830502578074], [-99.2236957033012, 19.2833819220112], [-99.2234488364093, 19.2807029818282], [-99.2293218104471, 19.2815695221992], [-99.22866645404662, 19.2830502578074]]]}"
3823,Sección 3823 · Tlalpan,14,14,5,19.283310783436754,-99.22219396187599,1744,1526,1510,urbana,1.5845452552332226e-05,"{""type"": ""Polygon"", ""coordinates"": [[[-99.2220262005245, 19.2863511577483], [-99.2206595327468, 19.285061853191], [-99.220313272668, 19.2808635255916], [-99.2234686393718, 19.2809362192231], [-99.2239217469107, 19.2862037813299], [-99.2220262005245, 19.2863511577483]]]}"
3824,Sección 3824 · Tlalpan,14,14,2,19.281086870982165,-99.2169652560069,1998,1690,1671,urbana,1.8582897502415837e-05,"{""type"": ""Polygon"", ""coordinates"": [[[-99.2193214274278, 19.2837169138452], [-99.21764813938239, 19.283883759274], [-99.2123549152372, 19.2794702212987], [-99.21447299348898, 19.2784646504669], [-99.2146018491182, 19.2798675657034], [-99.21958020259981, 19.2795081245361], [-99.2193214274278, 19.2837169138452]]]}"
3825,Sección 3825 · Tlalpan,14,14,2,19.28360479281535,-99.21320513129808,1573,1242,1231,urbana,3.191982069860109e-05,"{""type"": ""Polygon"", ""coordinates"": [[[-99.2126735717545, 19.2870615389402], [-99.2097962505824, 19.2862933203775], [-99.2123549152372, 19.2794702212987], [-99.21764813938239, 19.283883759274], [-99.2155640617614, 19.2840177933717], [-99.215715877498, 19.2854274288107], [-99.2126735717545, 19.2870615389402]]]}"
3826,Sección 3826 · Tlalpan,14,14,2,19.284976956308462,-99.20833727976311,1863,1692,1676,urbana,1.0474773312073231e-05,"{""type"": ""Polygon"", ""coordinates"": [[[-99.2097962505824, 19.2862933203775], [-99.2057808789443, 19.2861963151037], [-99.2053079664595, 19.2848773391456], [-99.2110164837448, 19.2831305010534], [-99.2097962505824, 19.2862933203775]]]}"
3827,Sección 3827 · Tlalpan,14,14,2,19.285308176580482,-99.20206092367316,2010,1793,1774,urbana,1.6212989225485384e-05,"{""type"": ""Polygon"", ""coordinates"": [[[-99.2057808789443, 19.2861963151037], [-99.1982267468021, 19.2861554691118], [-99.1978609219755, 19.2850802099298], [-99.2036906444602, 19.2832063608652], [-99.2057808789443, 19.2861963151037]]]}"
3828,Sección 3828 · Tlalpan,14,14,2,19.283889356780296,-99.19773619733711,1793,1766,1752,urbana,1.2846090283876075e-05,"{""type"": ""Polygon"", ""coordinates"": [[[-99.2004951518552, 19.2838864247922], [-99.1978609219755, 19.2850802099298], [-99.1982267468021, 19.2861554691118], [-99.1958941743428, 19.2860929192135], [-99.1952838987196, 19.2842905727713], [-99.1982648191134, 19.2809563712002], [-99.2004951518552, 19.2838864247922]]]}"
3829,Sección 3829 · Tlalpan,14,14,2,19.282921142823177,-99.19324839922207,2682,2547,2528,urbana,1.8018984307744574e-05,"{""type"": ""Polygon"", ""coordinates"": [[[-99.1958941743428, 19.2860929192135], [-99.1935286473255, 19.2862147791195], [-99.19435758038371, 19.2850236953134], [-99.1927641881129, 19.2831127351284], [-99.1893986741691, 19.2817678354658], [-99.1944493380136, 19.2800747357109], [-99.1958941743428, 19.2860929192135]]]}"
3830,Sección 3830 · Tlalpan,14,14,2,19.284813765938296,-99.19150870436275,1978,1601,1591,urbana,1.1631024134925574e-05,"{""type"": ""Polygon"", ""coordinates"": [[[-99.1935286473255, 19.2862147791195], [-99.1909908819075, 19.2865503048411], [-99.1884986456025, 19.2848841916557], [-99.1927641881129, 19.2831127351284], [-99.19435758038371, 19.2850236953134], [-99.1935286473255, 19.2862147791195]]]}"
3831,Sección 3831 · Tlalpan,14,14,2,19.283110477501562,-99.18909689398392,1414,1166,1158,urbana,4.665586588100668e-06,"{""type"": ""Polygon"", ""coordinates"": [[[-99.1894671460949, 19.2843801048441], [-99.1876526508975, 19.2830244847598], [-99.1893986741691, 19.2817678354658], [-99.1907436329367, 19.2836692721038], [-99.1894671460949, 19.2843801048441]]]}"
3832,Sección 3832 · Tlalpan,14,14,2,19.285070469526335,-99.18818974838818,1815,1597,1580,urbana,6.069140808370019e-06,"{""type"": ""Polygon"", ""coordinates"": [[[-99.1909908819075, 19.2865503048411], [-99.1881126497357, 19.2855693533177], [-99.1861321526767, 19.2855557105652], [-99.1876526508975, 19.2830244847598], [-99.1909908819075, 19.2865503048411]]]}"
3833,Sección 3833 · Tlalpan,14,14,2,19.28677878472294,-99.18707055429459,1651,1432,1415,urbana,6.8666235344455085e-06,"{""type"": ""Polygon"", ""coordinates"": [[[-99.1870630832836, 19.2882844433335], [-99.1848145409716, 19.2879704452819], [-99.1861321526767, 19.2855557105652], [-99.1902477812891, 19.2865975695567], [-99.1870630832836, 19.2882844433335]]]}"
3834,Sección 3834 · Tlalpan,14,14,2,19.285122207474235,-99.18529980795725,1127,1399,1380,urbana,8.803406351778042e-06,"{""type"": ""Polygon"", ""coordinates"": [[[-99.1831577213556, 19.2871676482336], [-99.1818512431105, 19.286573458683], [-99.1875877535741, 19.2816528235361], [-99.1852592446825, 19.2871603053925], [-99.1831577213556, 19.2871676482336]]]}"
3835,Sección 3835 · Tlalpan,14,14,2,19.287988658308347,-99.18417757772679,1587,1466,1447,urbana,8.556505496889843e-06,"{""type"": ""Polygon"", ""coordinates"": [[[-99.1861299993066, 19.2896679288003], [-99.1826194022714, 19.28790474342], [-99.18078195523542, 19.2876912237485], [-99.1840904637483, 19.2866746994744], [-99.1870630832836, 19.2882844433335], [-99.1861299993066, 19.2896679288003]]]}"
3836,Sección 3836 · Tlalpan,14,14,2,19.291130296321285,-99.18419506599875,1504,1108,1099,urbana,1.0795597492444148e-05,"{""type"": ""Polygon"", ""coordinates"": [[[-99.1857891815133, 19.2926916844673], [-99.1821080671543, 19.2927701663817], [-99.1843150406902, 19.2889791438737], [-99.1861299993066, 19.2896679288003], [-99.1857891815133, 19.2926916844673]]]}"
3837,Sección 3837 · Tlalpan,14,14,2,19.29204476472574,-99.18123741973584,568,508,504,urbana,2.7481692845280706e-06,"{""type"": ""Polygon"", ""coordinates"": [[[-99.1821080671543, 19.2927701663817], [-99.18092627637319, 19.2926782266601], [-99.1797301403382, 19.2926355740579], [-99.182064338784, 19.2909346576546], [-99.1821080671543, 19.2927701663817]]]}"
3838,Sección 3838 · Tlalpan,16,14,1,19.291512007877486,-99.17836680663693,1312,1158,1142,urbana,7.0167694905650205e-06,"{""type"": ""Polygon"", ""coordinates"": [[[-99.1782332842646, 19.2928728317591], [-99.1769451984942, 19.2909251383956], [-99.177843562317, 19.2893574592734], [-99.1802074225888, 19.2920100922029], [-99.1796130121617, 19.2934614762486], [-99.1782332842646, 19.2928728317591]]]}"
3839,Sección 3839 · Tlalpan,16,14,1,19.28946501276957,-99.1766798578164,1207,1113,1103,urbana,1.714762726090988e-05,"{""type"": ""Polygon"", ""coordinates"": [[[-99.17726855872338, 19.2924507450682], [-99.17376238795458, 19.2904011555522], [-99.1772773540179, 19.2867828666962], [-99.18027019613709, 19.2883178268788], [-99.1791654444706, 19.2899501472307], [-99.177843562317, 19.2893574592734], [-99.17726855872338, 19.2924507450682]]]}"
3840,Sección 3840 · Tlalpan,14,14,2,19.290333255611518,-99.18035729465443,1822,1545,1533,urbana,7.063423752851335e-06,"{""type"": ""Polygon"", ""coordinates"": [[[-99.1802074225888, 19.2920100922029], [-99.17850007249751, 19.2910130590719], [-99.18027019613709, 19.2883178268788], [-99.1825033955807, 19.2908246168076], [-99.1802074225888, 19.2920100922029]]]}"
3841,Sección 3841 · Tlalpan,14,14,2,19.289190368999357,-99.1823199385791,1374,1284,1273,urbana,6.688380632182464e-06,"{""type"": ""Polygon"", ""coordinates"": [[[-99.1825033955807, 19.2908246168076], [-99.181125144621, 19.2905354636], [-99.18078195523542, 19.2876912237485], [-99.18439100352941, 19.2888452015846], [-99.1825033955807, 19.2908246168076]]]}"
3842,Sección 3842 · Tlalpan,16,14,1,19.2856376814652,-99.17947981720285,1256,934,926,urbana,1.617352114009506e-05,"{""type"": ""Polygon"", ""coordinates"": [[[-99.18027019613709, 19.2883178268788], [-99.1772773540179, 19.2867828666962], [-99.1772895663062, 19.2837570681845], [-99.1822534416947, 19.2847961515353], [-99.18027019613709, 19.2883178268788]]]}"
3843,Sección 3843 · Tlalpan,16,14,1,19.28641056314218,-99.17435157623285,1455,1376,1359,urbana,1.93990940308912e-05,"{""type"": ""Polygon"", ""coordinates"": [[[-99.1743623842359, 19.2887067572951], [-99.1713517088786, 19.2873812655983], [-99.17218464568879, 19.2840126929235], [-99.17805858994042, 19.2857672343824], [-99.1743623842359, 19.2887067572951]]]}"
3844,Sección 3844 · Tlalpan,16,14,1,19.285433387126602,-99.17005175293211,1258,1030,1020,urbana,1.0590274593695896e-05,"{""type"": ""Polygon"", ""coordinates"": [[[-99.1713517088786, 19.2873812655983], [-99.16747756182751, 19.2860583944781], [-99.1681764303832, 19.2840885354679], [-99.17218464568879, 19.2840126929235], [-99.1713517088786, 19.2873812655983]]]}"
3845,Sección 3845 · Tlalpan,16,14,1,19.28324562757082,-99.16739967023373,1039,950,938,urbana,9.014832988680357e-06,"{""type"": ""Polygon"", ""coordinates"": [[[-99.16747756182751, 19.2860583944781], [-99.16584620641072, 19.2855606883378], [-99.1674147400477, 19.2795345058099], [-99.1686182416424, 19.2824802192192], [-99.16747756182751, 19.2860583944781]]]}"
3846,Sección 3846 · Tlalpan,16,14,1,19.28258461771344,-99.16590589006336,702,612,606,urbana,1.0367686865800623e-05,"{""type"": ""Polygon"", ""coordinates"": [[[-99.16584620641072, 19.2855606883378], [-99.1640311780754, 19.2850069250686], [-99.1673377663339, 19.2784259399695], [-99.16804358233578, 19.2794920130979], [-99.16584620641072, 19.2855606883378]]]}"
3847,Sección 3847 · Tlalpan,16,14,1,19.281964517792332,-99.16959247257617,962,861,856,urbana,1.0071461585090407e-05,"{""type"": ""Polygon"", ""coordinates"": [[[-99.1702069416304, 19.2846882599563], [-99.1681764303832, 19.2840885354679], [-99.1677597606747, 19.2794472806019], [-99.17366012449182, 19.2819736287381], [-99.17036676960129, 19.2816427877863], [-99.1702069416304, 19.2846882599563]]]}"
3848,Sección 3848 · Tlalpan,16,14,1,19.283037934465945,-99.17432203594223,1369,1133,1123,urbana,2.0157146351432103e-05,"{""type"": ""Polygon"", ""coordinates"": [[[-99.1769340643074, 19.2854292206667], [-99.16967068675189, 19.2833574109125], [-99.17036676960129, 19.2816427877863], [-99.1781998737051, 19.2810711454023], [-99.1769340643074, 19.2854292206667]]]}"
3849,Sección 3849 · Tlalpan,16,14,1,19.28247519330474,-99.17933760996948,1142,936,928,urbana,8.811614237866662e-06,"{""type"": ""Polygon"", ""coordinates"": [[[-99.18060812209139, 19.283723059362], [-99.1772895663062, 19.2837570681845], [-99.17829398259228, 19.2807931404128], [-99.18186810226841, 19.2823974241937], [-99.18060812209139, 19.283723059362]]]}"
3850,Sección 3850 · Tlalpan,16,14,1,19.28429653299506,-99.1825272247928,1292,922,915,urbana,9.462212645393642e-06,"{""type"": ""Polygon"", ""coordinates"": [[[-99.1810626403695, 19.2868172579662], [-99.1822534416947, 19.2847961515353], [-99.1806440820174, 19.2833763498069], [-99.1842916157673, 19.2816401218985], [-99.1830363668014, 19.2842189283662], [-99.1840207701982, 19.2854969974576], [-99.1810626403695, 19.2868172579662]]]}"
3851,Sección 3851 · Tlalpan,16,14,1,19.283681836279328,-99.18450538678083,883,678,671,urbana,4.077282307214519e-06,"{""type"": ""Polygon"", ""coordinates"": [[[-99.18593784446288, 19.284041952589], [-99.1840207701982, 19.2854969974576], [-99.18333654006281, 19.2850921587202], [-99.1842916157673, 19.2816401218985], [-99.18593784446288, 19.284041952589]]]}"
3852,Sección 3852 · Tlalpan,16,14,1,19.28160898011341,-99.18527044402121,875,703,698,urbana,4.280749319172204e-06,"{""type"": ""Polygon"", ""coordinates"": [[[-99.1853416593367, 19.2837043207471], [-99.1847842297163, 19.2817856193233], [-99.18323223046461, 19.2818989954064], [-99.18412275450699, 19.2805777571593], [-99.1872615354154, 19.2812858616137], [-99.1853416593367, 19.2837043207471]]]}"
3853,Sección 3853 · Tlalpan,16,14,1,19.28284559352162,-99.18622949630928,1065,625,619,urbana,2.7218053217756552e-06,"{""type"": ""Polygon"", ""coordinates"": [[[-99.18572313932461, 19.2839063843241], [-99.1848256066888, 19.2841661175945], [-99.1872615354154, 19.2812858616137], [-99.1875877535741, 19.2816528235361], [-99.18572313932461, 19.2839063843241]]]}"
3854,Sección 3854 · Tlalpan,14,14,2,19.280974708497897,-99.19017202583592,870,714,701,urbana,5.555410557538985e-06,"{""type"": ""Polygon"", ""coordinates"": [[[-99.19323199700031, 19.2804828326531], [-99.18803706165208, 19.2822748191631], [-99.1872615354154, 19.2812858616137], [-99.19288911813038, 19.2796300280524], [-99.19323199700031, 19.2804828326531]]]}"
3855,Sección 3855 · Tlalpan,14,14,2,19.278614016336174,-99.1973758821674,2249,1863,1853,urbana,8.634738633391549e-06,"{""type"": ""Polygon"", ""coordinates"": [[[-99.200429660167, 19.2781869655844], [-99.19323199700031, 19.2804828326531], [-99.19288911813038, 19.2796300280524], [-99.20146687226422, 19.2770425315247], [-99.2019031890542, 19.2780648655213], [-99.200429660167, 19.2781869655844]]]}"
3856,Sección 3856 · Tlalpan,14,14,2,19.28082998209445,-99.19710017059303,2449,2529,2504,urbana,1.6863571301530563e-05,"{""type"": ""Polygon"", ""coordinates"": [[[-99.2005104308928, 19.2804018170749], [-99.19761294738122, 19.2813317264834], [-99.1952838987196, 19.2842905727713], [-99.1944493380136, 19.2800747357109], [-99.1997730875584, 19.2782605374532], [-99.2005104308928, 19.2804018170749]]]}"
3857,Sección 3857 · Tlalpan,14,14,2,19.27997689414599,-99.20107134429131,2396,2228,2203,urbana,1.1196525979415139e-05,"{""type"": ""Polygon"", ""coordinates"": [[[-99.2009221354808, 19.2818795359117], [-99.1986601265971, 19.2827802124065], [-99.19832282173581, 19.2810098541143], [-99.2005104308928, 19.2804018170749], [-99.1997730875584, 19.2782605374532], [-99.20402073461771, 19.2778586283531], [-99.2009221354808, 19.2818795359117]]]}"
3858,Sección 3858 · Tlalpan,14,14,2,19.28234064996164,-99.20248639840378,2270,2307,2286,urbana,1.3944164984389922e-05,"{""type"": ""Polygon"", ""coordinates"": [[[-99.2057589515882, 19.2825970205331], [-99.1996936208878, 19.2845499844462], [-99.2002258962825, 19.2831777541431], [-99.19912799790798, 19.2832391928564], [-99.20269666150429, 19.2804689116537], [-99.2050806955922, 19.2806724541476], [-99.2057589515882, 19.2825970205331]]]}"
3859,Sección 3859 · Tlalpan,14,14,2,19.28281828664815,-99.2061122568768,1817,1707,1696,urbana,1.2889739227552504e-05,"{""type"": ""Polygon"", ""coordinates"": [[[-99.2083385411531, 19.2839603141658], [-99.2043204397026, 19.2851837553526], [-99.2036906444602, 19.2832063608652], [-99.2057589515882, 19.2825970205331], [-99.20503907031892, 19.2805543399466], [-99.2069697898631, 19.2799933314219], [-99.2083385411531, 19.2839603141658]]]}"
3860,Sección 3860 · Tlalpan,14,14,2,19.281878530650253,-99.20897754782068,1877,1888,1877,urbana,1.016119722593773e-05,"{""type"": ""Polygon"", ""coordinates"": [[[-99.2110164837448, 19.2831305010534], [-99.2083385411531, 19.2839603141658], [-99.2069697898631, 19.2799933314219], [-99.21079364223169, 19.2815625866018], [-99.2110164837448, 19.2831305010534]]]}"
3861,Sección 3861 · Tlalpan,14,14,2,19.27943848086648,-99.20489228548642,2459,2263,2231,urbana,1.1494516018216203e-05,"{""type"": ""Polygon"", ""coordinates"": [[[-99.2083074643661, 19.2797072983647], [-99.2029318502464, 19.2812471229459], [-99.20220678913068, 19.2789264103372], [-99.20618161310742, 19.2776878180216], [-99.2083074643661, 19.2797072983647]]]}"
3862,Sección 3862 · Tlalpan,14,14,2,19.27856650843338,-99.2084158465869,2068,1690,1665,urbana,1.1923915244695639e-05,"{""type"": ""Polygon"", ""coordinates"": [[[-99.2111317428025, 19.2818771071163], [-99.2065986748398, 19.279014173573], [-99.20577834339788, 19.2763355588978], [-99.2082860848383, 19.2757729429545], [-99.2079025083029, 19.2776711053355], [-99.2115033870297, 19.2807171521116], [-99.2111317428025, 19.2818771071163]]]}"
3863,Sección 3863 · Tlalpan,14,14,2,19.278267289332394,-99.2110554836922,2251,1975,1958,urbana,1.2475398450095055e-05,"{""type"": ""Polygon"", ""coordinates"": [[[-99.2079025083029, 19.2776711053355], [-99.2123649857436, 19.2761300370776], [-99.2135495880653, 19.278523130964], [-99.2115033870297, 19.2807171521116], [-99.2079025083029, 19.2776711053355]]]}"
3864,Sección 3864 · Tlalpan,14,14,2,19.275872171106016,-99.21454109527545,1911,1607,1593,urbana,1.4680707989268906e-05,"{""type"": ""Polygon"", ""coordinates"": [[[-99.2157465423725, 19.2784028387954], [-99.2135495880653, 19.278523130964], [-99.2118238961141, 19.2751198236036], [-99.2172345863958, 19.2738744562793], [-99.2149018334188, 19.2766325419552], [-99.2157465423725, 19.2784028387954]]]}"
3865,Sección 3865 · Tlalpan,14,14,2,19.27812017720074,-99.2174091936938,1932,1705,1685,urbana,1.5782977313020194e-05,"{""type"": ""Polygon"", ""coordinates"": [[[-99.218961319844, 19.2795575691229], [-99.2146018491182, 19.2798675657034], [-99.2157465423725, 19.2784028387954], [-99.2149018334188, 19.2766325419552], [-99.2180999821427, 19.2759272202592], [-99.2200008300688, 19.2775248186686], [-99.2202083471635, 19.2795496052487], [-99.218961319844, 19.2795575691229]]]}"
3866,Sección 3866 · Tlalpan,14,14,2,19.27909319556787,-99.22151485640795,1884,1788,1769,urbana,1.3802479649034632e-05,"{""type"": ""Polygon"", ""coordinates"": [[[-99.2234686393718, 19.2809362192231], [-99.220313272668, 19.2808635255916], [-99.21980214447142, 19.2822986737998], [-99.2211380165866, 19.2766155259696], [-99.2231323277058, 19.2769750327007], [-99.2234686393718, 19.2809362192231]]]}"
3867,Sección 3867 · Tlalpan,14,14,5,19.279117260459728,-99.22475844090755,2179,2020,2000,urbana,1.1224872180596806e-05,"{""type"": ""Polygon"", ""coordinates"": [[[-99.22603841642139, 19.2818361656613], [-99.2234488364093, 19.2807029818282], [-99.2231323277058, 19.2769750327007], [-99.2269140890428, 19.2774242872725], [-99.22570052759609, 19.2783645477799], [-99.22603841642139, 19.2818361656613]]]}"
3868,Sección 3868 · Tlalpan,14,14,5,19.280828192495797,-99.22769422671676,1753,1497,1477,urbana,5.747118848010633e-06,"{""type"": ""Polygon"", ""coordinates"": [[[-99.2293218104471, 19.2815695221992], [-99.22603841642139, 19.2818361656613], [-99.2259035872829, 19.2803807028898], [-99.2292425832247, 19.2796979197645], [-99.2293218104471, 19.2815695221992]]]}"
3869,Sección 3869 · Tlalpan,14,14,5,19.27838896194821,-99.22768427058948,1795,1598,1584,urbana,9.757321969512068e-06,"{""type"": ""Polygon"", ""coordinates"": [[[-99.2292425832247, 19.2796979197645], [-99.2259035872829, 19.2803807028898], [-99.22570052759609, 19.2783645477799], [-99.2289372676671, 19.2756377457775], [-99.2292425832247, 19.2796979197645]]]}"
3870,Sección 3870 · Tlalpan,14,14,5,19.27977631180201,-99.23106390990763,1954,1884,1871,urbana,1.2841787088700378e-05,"{""type"": ""Polygon"", ""coordinates"": [[[-99.2343979909212, 19.2811746445799], [-99.2293218104471, 19.2815695221992], [-99.22905414795092, 19.2771920787815], [-99.2309259688579, 19.2770741880032], [-99.2311758463464, 19.2799913458644], [-99.2342798264424, 19.279776999651], [-99.2343979909212, 19.2811746445799]]]}"
3871,Sección 3871 · Tlalpan,14,14,5,19.27747839038673,-99.23287941359862,1993,1757,1742,urbana,1.2927929593323243e-05,"{""type"": ""Polygon"", ""coordinates"": [[[-99.2342798264424, 19.279776999651], [-99.2311758463464, 19.2799913458644], [-99.2310442025261, 19.2784545048389], [-99.2319872749808, 19.2748349999734], [-99.23409422734721, 19.274324085071], [-99.2342798264424, 19.279776999651]]]}"
3872,Sección 3872 · Tlalpan,14,14,5,19.278320566687498,-99.23674526254152,2115,1915,1898,urbana,1.5208566033016605e-05,"{""type"": ""Polygon"", ""coordinates"": [[[-99.23895383143241, 19.2807180026295], [-99.2342798264424, 19.279776999651], [-99.23404425324868, 19.276993637857], [-99.2388673687922, 19.2763882111862], [-99.23895383143241, 19.2807180026295]]]}"
3873,Sección 3873 · Tlalpan,14,14,5,19.279392653138643,-99.24095686787595,2248,1926,1900,urbana,1.1054116916561173e-05,"{""type"": ""Polygon"", ""coordinates"": [[[-99.2433437057427, 19.2805289382769], [-99.23895383143241, 19.2807180026295], [-99.23868763932322, 19.2778727215374], [-99.2427196189376, 19.2779051066755], [-99.2433437057427, 19.2805289382769]]]}"
3874,Sección 3874 · Tlalpan,14,14,5,19.277638712825784,-99.24335024291123,2796,2230,2200,urbana,1.2948913444867587e-05,"{""type"": ""Polygon"", ""coordinates"": [[[-99.24447587769852, 19.2799281562702], [-99.2433437057427, 19.2805289382769], [-99.2407906968703, 19.2762263313038], [-99.2426633714785, 19.2752574417576], [-99.2452075484342, 19.276512206204], [-99.24447587769852, 19.2799281562702]]]}"
3875,Sección 3875 · Tlalpan,14,14,5,19.27406765127714,-99.24218065107343,3058,2411,2385,urbana,1.3019669695440435e-05,"{""type"": ""Polygon"", ""coordinates"": [[[-99.2435240964508, 19.2756246080376], [-99.2407906968703, 19.2762263313038], [-99.2394539369991, 19.273368963504], [-99.2434340154221, 19.2716921989086], [-99.2446338262539, 19.2729351982723], [-99.2435240964508, 19.2756246080376]]]}"
3876,Sección 3876 · Tlalpan,14,14,5,19.27571780884891,-99.23931670475211,2566,2276,2263,urbana,1.0213571080593322e-05,"{""type"": ""Polygon"", ""coordinates"": [[[-99.2412044980523, 19.2781950796721], [-99.239260657704, 19.2777891884883], [-99.2370350737389, 19.2737368004755], [-99.2394540429518, 19.273441900368], [-99.2412044980523, 19.2781950796721]]]}"
3877,Sección 3877 · Tlalpan,14,14,5,19.27539536260356,-99.23594038469528,2089,1781,1768,urbana,1.1420268500941535e-05,"{""type"": ""Polygon"", ""coordinates"": [[[-99.2388673687922, 19.2763882111862], [-99.23404425324868, 19.276993637857], [-99.2340419423735, 19.2736898114068], [-99.2370350737389, 19.2737368004755], [-99.2388673687922, 19.2763882111862]]]}"
3878,Sección 3878 · Tlalpan,14,14,5,19.275413061754787,-99.23037406450477,2452,2031,2014,urbana,1.1614563825554275e-05,"{""type"": ""Polygon"", ""coordinates"": [[[-99.231680653221, 19.2784736205386], [-99.22905414795092, 19.2771920787815], [-99.22889622290649, 19.2729162659372], [-99.2310504382189, 19.2727196997177], [-99.231680653221, 19.2784736205386]]]}"
3879,Sección 3879 · Tlalpan,14,14,3,19.274509774158986,-99.22700383487339,1941,1634,1615,urbana,8.26397969079146e-06,"{""type"": ""Polygon"", ""coordinates"": [[[-99.2289372676671, 19.2756377457775], [-99.22673669434519, 19.27570721271], [-99.2241753389949, 19.274235132653], [-99.2246992124887, 19.2731725320455], [-99.22735957333, 19.2744326264009], [-99.2288948297265, 19.2728073149069], [-99.2289372676671, 19.2756377457775]]]}"
3880,Sección 3880 · Tlalpan,14,14,5,19.275851524787562,-99.2249408424696,2067,1826,1810,urbana,1.1863318453658991e-05,"{""type"": ""Polygon"", ""coordinates"": [[[-99.22816333682358, 19.2768254375869], [-99.2231323277058, 19.2769750327007], [-99.22236167249602, 19.2733583783912], [-99.22813072910401, 19.2758248174456], [-99.22816333682358, 19.2768254375869]]]}"
3881,Sección 3881 · Tlalpan,14,14,2,19.275344333029675,-99.22096248995149,1981,1778,1766,urbana,1.3401296747520388e-05,"{""type"": ""Polygon"", ""coordinates"": [[[-99.2200263503058, 19.2777866700371], [-99.2181756784294, 19.2759908411483], [-99.2204533300782, 19.2727094677294], [-99.22236167249602, 19.2733583783912], [-99.2231323277058, 19.2769750327007], [-99.2200263503058, 19.2777866700371]]]}"
3882,Sección 3882 · Tlalpan,14,14,2,19.274298753427797,-99.21838766941109,1799,1505,1497,urbana,9.911282264731205e-06,"{""type"": ""Polygon"", ""coordinates"": [[[-99.2173386349011, 19.276543952684], [-99.2159757693439, 19.2756918535357], [-99.21793184581969, 19.2726045236037], [-99.2204533300782, 19.2727094677294], [-99.2173386349011, 19.276543952684]]]}"
3883,Sección 3883 · Tlalpan,14,14,2,19.272291062783616,-99.21672422901837,1977,1653,1640,urbana,1.123352846455089e-05,"{""type"": ""Polygon"", ""coordinates"": [[[-99.2152616645282, 19.2743379616206], [-99.2135815341918, 19.2740459998743], [-99.2144059441917, 19.2723137002479], [-99.2192265355272, 19.2701012381897], [-99.2200049288455, 19.2712325624921], [-99.2152616645282, 19.2743379616206]]]}"
3884,Sección 3884 · Tlalpan,14,14,2,19.274847900218788,-99.21177825277381,1962,1567,1549,urbana,1.2050773956124492e-05,"{""type"": ""Polygon"", ""coordinates"": [[[-99.2099215817349, 19.2778839314031], [-99.2089254054326, 19.2765800026399], [-99.2135463816985, 19.2715765899504], [-99.2147536434218, 19.2726430702577], [-99.2118238961141, 19.2751198236036], [-99.2128118982611, 19.276424530626], [-99.2099215817349, 19.2778839314031]]]}"
3885,Sección 3885 · Tlalpan,14,14,2,19.27342053537517,-99.20983907926207,3242,2738,2717,urbana,1.8840408565131182e-05,"{""type"": ""Polygon"", ""coordinates"": [[[-99.2089254054326, 19.2765800026399], [-99.2052336809683, 19.2744837962309], [-99.21026800729001, 19.2729101212657], [-99.2097188349971, 19.271088016577], [-99.2119157300514, 19.2700254552578], [-99.2135463816985, 19.2715765899504], [-99.2089254054326, 19.2765800026399]]]}"
3886,Sección 3886 · Tlalpan,14,14,2,19.275679101802993,-99.20746898557654,0,158,157,urbana,6.411633675415113e-07,"{""type"": ""Polygon"", ""coordinates"": [[[-99.2082860848383, 19.2757729429545], [-99.20696246471418, 19.2760441317988], [-99.2066559278668, 19.2751364762354], [-99.2068309206597, 19.275536337874], [-99.2082860848383, 19.2757729429545]]]}"
3887,Sección 3887 · Tlalpan,14,14,2,19.275698452496695,-99.20629416174373,358,347,343,urbana,9.964132452399542e-07,"{""type"": ""Polygon"", ""coordinates"": [[[-99.20696246471418, 19.2760441317988], [-99.2059315360734, 19.2762611365889], [-99.2056288722521, 19.2753560824852], [-99.2066559278668, 19.2751364762354], [-99.20696246471418, 19.2760441317988]]]}"
3888,Sección 3888 · Tlalpan,14,14,2,19.277208458215497,-99.20394970465878,1486,1234,1230,urbana,5.693655167298684e-06,"{""type"": ""Polygon"", ""coordinates"": [[[-99.20618161310742, 19.2776878180216], [-99.2019031890542, 19.2780648655213], [-99.20146687226422, 19.2770425315247], [-99.2056288722521, 19.2753560824852], [-99.20618161310742, 19.2776878180216]]]}"
3889,Sección 3889 · Tlalpan,14,14,1,19.2722009458732,-99.19501934263259,5779,4403,4351,urbana,0.0001785514961302294,"{""type"": ""Polygon"", ""coordinates"": [[[-99.1917969090976, 19.2799823418698], [-99.19069954533668, 19.2772154931273], [-99.18720886815228, 19.277084935462], [-99.1871494436548, 19.2759519220039], [-99.1879840848745, 19.2743675721333], [-99.1930908286353, 19.2735349791085], [-99.19323207542888, 19.2721002275087], [-99.1894707295871, 19.2716302327618], [-99.19055706286102, 19.2697667777977], [-99.18243350875359, 19.2689162891478], [-99.1821997096246, 19.2667218630501], [-99.183922789601, 19.2669845241898], [-99.18524651761331, 19.2651048276917], [-99.1924716836919, 19.2659123335056], [-99.1937762018098, 19.2688629848331], [-99.1975487583893, 19.266630060274], [-99.2055574649976, 19.2725316046347], [-99.2056893424265, 19.2763462191212], [-99.1917969090976, 19.2799823418698]]]}"
3890,Sección 3890 · Tlalpan,14,14,1,19.279027840362605,-99.18924264332816,1087,908,896,urbana,1.2091108248448594e-05,"{""type"": ""Polygon"", ""coordinates"": [[[-99.1872615354154, 19.2812858616137], [-99.18865912620959, 19.2800364598862], [-99.186237849335, 19.2778474728375], [-99.19069954533668, 19.2772154931273], [-99.1917969090976, 19.2799823418698], [-99.1872615354154, 19.2812858616137]]]}"
3891,Sección 3891 · Tlalpan,14,14,1,19.279411020001174,-99.18440556528175,2298,1762,1743,urbana,1.7739894435308266e-05,"{""type"": ""Polygon"", ""coordinates"": [[[-99.18716245937262, 19.2811490896226], [-99.18096577432689, 19.2805084382875], [-99.1813413676907, 19.2774852419211], [-99.18615075697352, 19.2777789384997], [-99.18865912620959, 19.2800364598862], [-99.18716245937262, 19.2811490896226]]]}"
3892,Sección 3892 · Tlalpan,16,14,1,19.28056266804925,-99.18107067680091,1570,1387,1373,urbana,1.2136956804030654e-05,"{""type"": ""Polygon"", ""coordinates"": [[[-99.1825857993606, 19.2826074594047], [-99.17829398259228, 19.2807931404128], [-99.1791869850849, 19.2782179804665], [-99.1815559773848, 19.2786388976623], [-99.18096577432689, 19.2805084382875], [-99.18412275450699, 19.2805777571593], [-99.18363358903278, 19.2829416080807], [-99.1825857993606, 19.2826074594047]]]}"
3893,Sección 3893 · Tlalpan,16,14,1,19.279100034245232,-99.175298856187,1265,995,983,urbana,2.682258709256714e-05,"{""type"": ""Polygon"", ""coordinates"": [[[-99.1759242415442, 19.282170133651], [-99.1711728555817, 19.2809233453121], [-99.1722402106155, 19.2789288681897], [-99.1744059803866, 19.2787471649923], [-99.1733014277046, 19.2777907297482], [-99.1742439128984, 19.275734624768], [-99.1768348627846, 19.276938943766], [-99.1771554092403, 19.2747141255907], [-99.17851570525872, 19.2780828182023], [-99.176634182435, 19.28010374138], [-99.1783643889158, 19.2805903945332], [-99.1759242415442, 19.282170133651]]]}"
3894,Sección 3894 · Tlalpan,16,14,1,19.27851062542964,-99.17225359169684,797,511,506,urbana,1.514276356594448e-06,"{""type"": ""Polygon"", ""coordinates"": [[[-99.1719491197162, 19.2783945087477], [-99.17224375766608, 19.2777233381889], [-99.17315723019321, 19.2784609294245], [-99.17132559058601, 19.2792788683858], [-99.1719491197162, 19.2783945087477]]]}"
3895,Sección 3895 · Tlalpan,16,14,1,19.280433589801568,-99.17112449102498,137,114,113,urbana,6.374281952116747e-07,"{""type"": ""Polygon"", ""coordinates"": [[[-99.1711728555817, 19.2809233453121], [-99.1704736907371, 19.2806236419737], [-99.17099782514349, 19.2799498608148], [-99.1718036951503, 19.2803066565898], [-99.1711728555817, 19.2809233453121]]]}"
3896,Sección 3896 · Tlalpan,16,14,1,19.2796775020367,-99.1717268861328,262,190,190,urbana,9.715718854875273e-07,"{""type"": ""Polygon"", ""coordinates"": [[[-99.1718036951503, 19.2803066565898], [-99.17099782514349, 19.2799498608148], [-99.1722377964779, 19.279070932612], [-99.172238064936, 19.2798392554135], [-99.1718036951503, 19.2803066565898]]]}"
3897,Sección 3897 · Tlalpan,16,14,1,19.2797349061632,-99.17080377822886,316,253,251,urbana,8.368535122020923e-07,"{""type"": ""Polygon"", ""coordinates"": [[[-99.1704736907371, 19.2806236419737], [-99.1698193581909, 19.2803359664537], [-99.1713030880033, 19.2787238013968], [-99.1712483021799, 19.2795765183893], [-99.1704736907371, 19.2806236419737]]]}"
3898,Sección 3898 · Tlalpan,16,14,1,19.278994150727158,-99.16961264944196,990,767,753,urbana,5.984483135770663e-06,"{""type"": ""Polygon"", ""coordinates"": [[[-99.16861475159699, 19.2797985910176], [-99.16813068933068, 19.2777416821072], [-99.1719491197162, 19.2783945087477], [-99.17044167729091, 19.28043845756], [-99.16861475159699, 19.2797985910176]]]}"
3899,Sección 3899 · Tlalpan,16,5,1,19.276382556312562,-99.16894734988088,1667,1428,1412,urbana,1.1699759747826494e-05,"{""type"": ""Polygon"", ""coordinates"": [[[-99.168799062547, 19.2784592949196], [-99.1676100456822, 19.279023609408], [-99.167173033071, 19.2770738209561], [-99.16883830762102, 19.2740946680698], [-99.1715145553444, 19.2752613471541], [-99.168799062547, 19.2784592949196]]]}"
3900,Sección 3900 · Tlalpan,16,14,1,19.27791876555306,-99.17115881000025,292,268,265,urbana,9.625016817778936e-07,"{""type"": ""Polygon"", ""coordinates"": [[[-99.17146534675929, 19.2783125792093], [-99.1702588659142, 19.2779367129787], [-99.1704291982514, 19.2774063451658], [-99.17205474537631, 19.2779299636976], [-99.17146534675929, 19.2783125792093]]]}"
3901,Sección 3901 · Tlalpan,16,14,1,19.278417234738416,-99.17360342759171,709,531,525,urbana,1.5857846426624845e-06,"{""type"": ""Polygon"", ""coordinates"": [[[-99.17308812400549, 19.2780303511256], [-99.17412537619862, 19.2776482537012], [-99.1744059803866, 19.2787471649923], [-99.172498015679, 19.2789587058637], [-99.17308812400549, 19.2780303511256]]]}"
3902,Sección 3902 · Tlalpan,16,14,1,19.27746345976198,-99.17206013883224,489,426,421,urbana,1.6977500405344663e-06,"{""type"": ""Polygon"", ""coordinates"": [[[-99.1732059841209, 19.27801714306], [-99.17205474537631, 19.2779299636976], [-99.1704291982514, 19.2774063451658], [-99.1716724225062, 19.2768938847782], [-99.1732059841209, 19.27801714306]]]}"
3903,Sección 3903 · Tlalpan,16,5,1,19.275252630803163,-99.17334577634587,1261,1125,1113,urbana,4.6546773540635e-06,"{""type"": ""Polygon"", ""coordinates"": [[[-99.1738636704882, 19.2767666327374], [-99.1717567802929, 19.2760272955373], [-99.1738366429299, 19.2728976095242], [-99.1745738427336, 19.2748937167399], [-99.1738636704882, 19.2767666327374]]]}"
3904,Sección 3904 · Tlalpan,16,14,1,19.27527422454386,-99.17588544320184,1863,1590,1581,urbana,6.711084102530157e-06,"{""type"": ""Polygon"", ""coordinates"": [[[-99.1768348627846, 19.276938943766], [-99.1743649959332, 19.2762342106864], [-99.1753814157347, 19.2734213188442], [-99.1771554092403, 19.2747141255907], [-99.1768348627846, 19.276938943766]]]}"
3905,Sección 3905 · Tlalpan,16,14,1,19.277503540663314,-99.17930384325462,1441,1199,1185,urbana,1.2925141732507792e-05,"{""type"": ""Polygon"", ""coordinates"": [[[-99.1811833813998, 19.2785726978788], [-99.1791869850849, 19.2782179804665], [-99.1785844015728, 19.2805588368597], [-99.176634182435, 19.28010374138], [-99.1783898439018, 19.2787038831229], [-99.1781016088949, 19.27542767059], [-99.18130350944548, 19.2753966989704], [-99.1811833813998, 19.2785726978788]]]}"
3906,Sección 3906 · Tlalpan,14,14,1,19.276436178593503,-99.1840197501727,4613,3667,3633,urbana,1.4338106724075772e-05,"{""type"": ""Polygon"", ""coordinates"": [[[-99.1860774884802, 19.2778626198211], [-99.1813413676907, 19.2774852419211], [-99.18133004860161, 19.2748768848494], [-99.182547158428, 19.2757905257322], [-99.1842184086516, 19.2742839516755], [-99.1871494436548, 19.2759519220039], [-99.1860774884802, 19.2778626198211]]]}"
3907,Sección 3907 · Tlalpan,14,14,1,19.277703724027482,-99.18787052655927,867,560,549,urbana,2.788687816003021e-06,"{""type"": ""Polygon"", ""coordinates"": [[[-99.1876643443575, 19.278433750446], [-99.18615075697352, 19.2777789384997], [-99.18704420826188, 19.2769441929169], [-99.18945998008319, 19.2780509597654], [-99.1876643443575, 19.278433750446]]]}"
3908,Sección 3908 · Tlalpan,14,14,1,19.274093006473795,-99.18518373683534,4006,3042,3000,urbana,1.5253923073460265e-05,"{""type"": ""Polygon"", ""coordinates"": [[[-99.1871494436548, 19.2759519220039], [-99.184062606294, 19.2742639362077], [-99.1822538312671, 19.2758048496132], [-99.18175240140852, 19.2732748423499], [-99.18882869009441, 19.2729702560531], [-99.1871494436548, 19.2759519220039]]]}"
3909,Sección 3909 · Tlalpan,16,14,1,19.274172564426888,-99.1801971030225,1362,1192,1185,urbana,6.2905576273773406e-06,"{""type"": ""Polygon"", ""coordinates"": [[[-99.18130350944548, 19.2753966989704], [-99.1781016088949, 19.27542767059], [-99.1804848938039, 19.2736705618036], [-99.18068095511208, 19.2712989472739], [-99.18130350944548, 19.2753966989704]]]}"
3910,Sección 3910 · Tlalpan,16,5,1,19.27331825811473,-99.17164028413066,1673,1515,1494,urbana,8.283072495952057e-06,"{""type"": ""Polygon"", ""coordinates"": [[[-99.17219120362378, 19.2756097078138], [-99.17154581254978, 19.2735416184204], [-99.16926369915082, 19.272904287198], [-99.1697572996428, 19.2716804904112], [-99.1738366429299, 19.2728976095242], [-99.17219120362378, 19.2756097078138]]]}"
3911,Sección 3911 · Tlalpan,16,5,4,19.27172185083756,-99.17066663017553,1994,1674,1654,urbana,1.6192497415702757e-05,"{""type"": ""Polygon"", ""coordinates"": [[[-99.17110514208451, 19.2750167220567], [-99.16883830762102, 19.2740946680698], [-99.16757325342532, 19.2753014264929], [-99.1707371360636, 19.2680599850454], [-99.1739580024681, 19.2711529061255], [-99.1693532214261, 19.2719975088796], [-99.17154581254978, 19.2735416184204], [-99.17110514208451, 19.2750167220567]]]}"
3912,Sección 3912 · Tlalpan,16,5,1,19.27314177662386,-99.17426057023081,1371,1127,1120,urbana,5.5895322425945674e-06,"{""type"": ""Polygon"", ""coordinates"": [[[-99.1745738427336, 19.2748937167399], [-99.1733860700878, 19.2745110002889], [-99.17432927550482, 19.273049847059], [-99.17203008846842, 19.2717163407718], [-99.1757094036317, 19.2723104565944], [-99.1745738427336, 19.2748937167399]]]}"
3913,Sección 3913 · Tlalpan,16,5,1,19.271566709317508,-99.17615348144147,1623,1339,1326,urbana,1.0698808253148366e-05,"{""type"": ""Polygon"", ""coordinates"": [[[-99.1761674813041, 19.2736768359313], [-99.1737238487063, 19.2722564879761], [-99.1738098252998, 19.2701055538856], [-99.1790582084004, 19.2709962853138], [-99.1761674813041, 19.2736768359313]]]}"
3914,Sección 3914 · Tlalpan,16,14,1,19.272606987566945,-99.17863934442921,1455,1367,1351,urbana,4.5545466624560665e-06,"{""type"": ""Polygon"", ""coordinates"": [[[-99.17974087852089, 19.2735925421222], [-99.1766959341117, 19.2734271451359], [-99.176724377133, 19.2724631104824], [-99.179950533082, 19.2711498595983], [-99.17974087852089, 19.2735925421222]]]}"
3915,Sección 3915 · Tlalpan,16,14,1,19.271214413362422,-99.18131087656377,1777,1535,1522,urbana,7.049650102460572e-06,"{""type"": ""Polygon"", ""coordinates"": [[[-99.1818186934782, 19.2730154483191], [-99.18068095511208, 19.2712989472739], [-99.17974087852089, 19.2735925421222], [-99.1814837770691, 19.2688329140788], [-99.18283500722168, 19.2689457192753], [-99.1818186934782, 19.2730154483191]]]}"
3916,Sección 3916 · Tlalpan,14,14,1,19.270831971931095,-99.18360756815974,2221,1895,1870,urbana,8.914862213614546e-06,"{""type"": ""Polygon"", ""coordinates"": [[[-99.1818186934782, 19.2730154483191], [-99.18283500722168, 19.2689457192753], [-99.1856333966454, 19.2692086962673], [-99.18259466466918, 19.272799496253], [-99.1836303264504, 19.2721771469775], [-99.18455188716038, 19.2723272273805], [-99.1818186934782, 19.2730154483191]]]}"
3917,Sección 3917 · Tlalpan,14,14,1,19.271999591980215,-99.18498763182204,1433,1158,1149,urbana,6.088929088979146e-06,"{""type"": ""Polygon"", ""coordinates"": [[[-99.186831877465, 19.2732239614817], [-99.18259466466918, 19.272799496253], [-99.1827207936601, 19.2715307582142], [-99.1862396438605, 19.2707060785105], [-99.186831877465, 19.2732239614817]]]}"
3918,Sección 3918 · Tlalpan,14,14,1,19.270727965636077,-99.18764646533654,1915,1828,1802,urbana,1.0349480909141425e-05,"{""type"": ""Polygon"", ""coordinates"": [[[-99.1879902794728, 19.272793486584], [-99.19055706286102, 19.2697667777977], [-99.1856333966454, 19.2692086962673], [-99.18600071297648, 19.2720153941349], [-99.1879902794728, 19.272793486584]]]}"
3919,Sección 3919 · Tlalpan,14,14,1,19.273083986071644,-99.18982041824881,2337,1765,1755,urbana,8.991864156395002e-06,"{""type"": ""Polygon"", ""coordinates"": [[[-99.1891240799033, 19.2747784144687], [-99.1879902794728, 19.272793486584], [-99.1899080531359, 19.2703182259325], [-99.1894707295871, 19.2716302327618], [-99.19234318243319, 19.2737526237234], [-99.1891240799033, 19.2747784144687]]]}"
3920,Sección 3920 · Tlalpan,14,14,1,19.273009158308483,-99.1922897533603,967,785,776,urbana,2.7490433070150902e-06,"{""type"": ""Polygon"", ""coordinates"": [[[-99.1931456526402, 19.2734827411553], [-99.191713221886, 19.2738213492288], [-99.19122879629661, 19.2726667531547], [-99.19323207542888, 19.2721002275087], [-99.1931456526402, 19.2734827411553]]]}"
3921,Sección 3921 · Tlalpan,14,14,2,19.269871847356757,-99.2090298027286,5604,4909,4862,urbana,5.599470698277515e-05,"{""type"": ""Polygon"", ""coordinates"": [[[-99.2144059441917, 19.2723137002479], [-99.2119157300514, 19.2700254552578], [-99.2097188349971, 19.271088016577], [-99.21026800729001, 19.2729101212657], [-99.20592431530471, 19.2742571898541], [-99.2035153998448, 19.2717182862706], [-99.20356843047232, 19.2700166984738], [-99.2056419963651, 19.2697831017841], [-99.20479522781231, 19.2656611601126], [-99.21708194517939, 19.268800043656], [-99.2144059441917, 19.2723137002479]]]}"
3922,Sección 3922 · Tlalpan,14,14,2,19.271758291460774,-99.22121996182496,1788,1539,1519,urbana,8.271409743916057e-06,"{""type"": ""Polygon"", ""coordinates"": [[[-99.22236167249602, 19.2733583783912], [-99.21968913464009, 19.2724772957028], [-99.21776284446831, 19.2725828438047], [-99.2221998080446, 19.269653462721], [-99.22236167249602, 19.2733583783912]]]}"
3923,Sección 3923 · Tlalpan,14,14,3,19.271946357795308,-99.22401646682235,2168,1809,1787,urbana,8.334482771843991e-06,"{""type"": ""Polygon"", ""coordinates"": [[[-99.2241753389949, 19.274235132653], [-99.22243288234219, 19.2733753390176], [-99.22382853969431, 19.269613394998], [-99.2258074513055, 19.2710711364575], [-99.2241753389949, 19.274235132653]]]}"
3924,Sección 3924 · Tlalpan,14,14,3,19.272642373162263,-99.2268363164824,2464,2078,2060,urbana,8.348523798794786e-06,"{""type"": ""Polygon"", ""coordinates"": [[[-99.22735957333, 19.2744326264009], [-99.2246992124887, 19.2731725320455], [-99.2258074513055, 19.2710711364575], [-99.2288787838008, 19.271552557286], [-99.22735957333, 19.2744326264009]]]}"
3925,Sección 3925 · Tlalpan,14,14,5,19.27050622559381,-99.22994795539272,2498,2119,2091,urbana,1.1369415496840171e-05,"{""type"": ""Polygon"", ""coordinates"": [[[-99.23161735652421, 19.2725528546964], [-99.22889622290649, 19.2729162659372], [-99.2288760428477, 19.2669442357187], [-99.230714447813, 19.2686283635902], [-99.23161735652421, 19.2725528546964]]]}"
3926,Sección 3926 · Tlalpan,14,14,5,19.27334665781382,-99.23279965577692,2528,2049,2037,urbana,1.004147556327839e-05,"{""type"": ""Polygon"", ""coordinates"": [[[-99.23409422734721, 19.274324085071], [-99.23076194612482, 19.2751269812055], [-99.2313866224393, 19.2714647600168], [-99.2356852445368, 19.2727222430629], [-99.23409422734721, 19.274324085071]]]}"
3927,Sección 3927 · Tlalpan,14,14,5,19.27185796763235,-99.23729990560646,2751,2190,2176,urbana,1.2501652853534197e-05,"{""type"": ""Polygon"", ""coordinates"": [[[-99.2394540429518, 19.273441900368], [-99.23574488728161, 19.2738478741451], [-99.2346828161513, 19.2696444295536], [-99.2391548598734, 19.2707183764358], [-99.2394540429518, 19.273441900368]]]}"
3928,Sección 3928 · Tlalpan,14,14,5,19.271708561740557,-99.24106223421335,2443,1959,1947,urbana,1.0667093312788148e-05,"{""type"": ""Polygon"", ""coordinates"": [[[-99.2441375272969, 19.2723015374149], [-99.2394539369991, 19.273368963504], [-99.238614266333, 19.2704898734328], [-99.2418926000709, 19.2703835527493], [-99.2441375272969, 19.2723015374149]]]}"
3929,Sección 3929 · Tlalpan,14,14,5,19.266192551418968,-99.24220526264978,5782,4761,4718,urbana,5.739943784670686e-05,"{""type"": ""Polygon"", ""coordinates"": [[[-99.2431908410429, 19.2709607611725], [-99.23807102005651, 19.2704277674682], [-99.237668553765, 19.2656253962422], [-99.2405642736821, 19.2645610539787], [-99.2387692966196, 19.2620245251094], [-99.24552659191448, 19.2612351531912], [-99.24473874182972, 19.263387848017], [-99.24639926188149, 19.2644650844242], [-99.2461887137975, 19.2674776609717], [-99.2431908410429, 19.2709607611725]]]}"
3930,Sección 3930 · Tlalpan,14,14,5,19.266443987294213,-99.23433309623877,4954,3941,3918,urbana,8.270768522246131e-05,"{""type"": ""Polygon"", ""coordinates"": [[[-99.2356852445368, 19.2727222430629], [-99.2313866224393, 19.2714647600168], [-99.2280276048898, 19.2659504144618], [-99.2300147392225, 19.2621532849737], [-99.2387692966196, 19.2620245251094], [-99.2404688562536, 19.2635758546745], [-99.2400143558874, 19.2652722350772], [-99.237668553765, 19.2656253962422], [-99.23807102005651, 19.2704277674682], [-99.2346828161513, 19.2696444295536], [-99.2356852445368, 19.2727222430629]]]}"
3931,Sección 3931 · Tlalpan,14,14,3,19.269873027927932,-99.227468879376,2132,1837,1825,urbana,9.538372747045052e-06,"{""type"": ""Polygon"", ""coordinates"": [[[-99.2288787838008, 19.271552557286], [-99.22536784851242, 19.2708630825157], [-99.2275955139892, 19.2673477150002], [-99.2288317120596, 19.2682643164985], [-99.2288787838008, 19.271552557286]]]}"
3932,Sección 3932 · Tlalpan,14,14,3,19.269073832371,-99.22409007973644,2107,1710,1694,urbana,9.350639726495376e-06,"{""type"": ""Polygon"", ""coordinates"": [[[-99.22536784851242, 19.2708630825157], [-99.22382853969431, 19.269613394998], [-99.2226068867605, 19.2708822460952], [-99.2214669534995, 19.2680444615679], [-99.2264649062986, 19.2686956285102], [-99.22536784851242, 19.2708630825157]]]}"
3933,Sección 3933 · Tlalpan,14,14,3,19.264891970006744,-99.2257190012199,1989,1691,1676,urbana,4.162101154344592e-05,"{""type"": ""Polygon"", ""coordinates"": [[[-99.2288317120596, 19.2682643164985], [-99.2275955139892, 19.2673477150002], [-99.2269370274186, 19.2689174265926], [-99.2239526219247, 19.2663611382324], [-99.22117264292982, 19.2664935991821], [-99.2211066574709, 19.2635711745441], [-99.2300147392225, 19.2621532849737], [-99.2280276048898, 19.2659504144618], [-99.2288317120596, 19.2682643164985]]]}"
3934,Sección 3934 · Tlalpan,14,14,3,19.267212018595814,-99.21896100833426,2014,1630,1619,urbana,4.588582885079118e-05,"{""type"": ""Polygon"", ""coordinates"": [[[-99.2200049288455, 19.2712325624921], [-99.2192265355272, 19.2701012381897], [-99.21585618149959, 19.2711482472957], [-99.217098550424, 19.2689815195783], [-99.21503856125578, 19.2692222601867], [-99.2152656291634, 19.263555007515], [-99.2211066574709, 19.2635711745441], [-99.22117264292982, 19.2664935991821], [-99.2239526219247, 19.2663611382324], [-99.2214669534995, 19.2680444615679], [-99.2219234548604, 19.2706289705723], [-99.2200049288455, 19.2712325624921]]]}"
3935,Sección 3935 · Tlalpan,19,5,4,19.266110495514557,-99.20594296891045,4628,3815,3775,urbana,3.672580411740955e-05,"{""type"": ""Polygon"", ""coordinates"": [[[-99.2116504886547, 19.2677678776166], [-99.2054397996415, 19.2652993504149], [-99.2044797755441, 19.2668163610762], [-99.2056419963651, 19.2697831017841], [-99.20356843047232, 19.2700166984738], [-99.1983021379059, 19.2669865443128], [-99.2028840875519, 19.2688806618152], [-99.2027374927316, 19.2671563341238], [-99.2005001736922, 19.2667496838445], [-99.2079920433245, 19.2624772546987], [-99.2137045543599, 19.2686817670123], [-99.2116504886547, 19.2677678776166]]]}"
3936,Sección 3936 · Tlalpan,19,5,4,19.26423987211926,-99.19878853001434,1824,1460,1442,urbana,5.649056352401401e-05,"{""type"": ""Polygon"", ""coordinates"": [[[-99.2028840875519, 19.2688806618152], [-99.1964467082821, 19.2665556615174], [-99.1936127638192, 19.2688229302241], [-99.19525998255772, 19.2647323182007], [-99.1930011936664, 19.263338238839], [-99.1961995642307, 19.261024244353], [-99.1972677221396, 19.2619246285462], [-99.2002712963971, 19.258900899005], [-99.2045893360021, 19.2638542754761], [-99.2005001736922, 19.2667496838445], [-99.2027374927316, 19.2671563341238], [-99.2028840875519, 19.2688806618152]]]}"
3937,Sección 3937 · Tlalpan,19,5,4,19.257926785193874,-99.19502253007785,2359,1470,1447,urbana,0.00021444472452795548,"{""type"": ""Polygon"", ""coordinates"": [[[-99.2079920433245, 19.2624772546987], [-99.2045893360021, 19.2638542754761], [-99.2002712963971, 19.258900899005], [-99.1972677221396, 19.2619246285462], [-99.1961995642307, 19.261024244353], [-99.1930011936664, 19.263338238839], [-99.19525998255772, 19.2647323182007], [-99.1932483265946, 19.2676739523216], [-99.1924716836919, 19.2659123335056], [-99.18524651761331, 19.2651048276917], [-99.1867708635977, 19.258180579314], [-99.18527592100631, 19.2589927859887], [-99.1843010229043, 19.257161362233], [-99.192313841819, 19.2550731705021], [-99.19419130613312, 19.2507033700785], [-99.1955743117081, 19.2515491771446], [-99.1947851496468, 19.2439675788915], [-99.1966016269364, 19.2431959037644], [-99.1960966292945, 19.2479520099832], [-99.2001857315129, 19.2493208309784], [-99.20466466512188, 19.2595323120469], [-99.2079920433245, 19.2624772546987]]]}"
3938,Sección 3938 · Tlalpan,16,5,4,19.26328046809877,-99.17951907511767,1969,2150,2131,urbana,9.929346509479945e-05,"{""type"": ""Polygon"", ""coordinates"": [[[-99.1751811680746, 19.2672706832561], [-99.1732191274854, 19.2636802509649], [-99.1738902524093, 19.2577847751992], [-99.17533742331901, 19.2575273707005], [-99.17525913547169, 19.259525759009], [-99.17825367708978, 19.2607263466615], [-99.1796495591342, 19.2578322518377], [-99.1840373025246, 19.2588164575235], [-99.1845346353096, 19.2576655538575], [-99.18524651761331, 19.2651048276917], [-99.183922789601, 19.2669845241898], [-99.18214576067761, 19.2667816968255], [-99.18243350875359, 19.2689162891478], [-99.1751811680746, 19.2672706832561]]]}"
3939,Sección 3939 · Tlalpan,16,5,1,19.26928183260128,-99.17925248397005,1443,1251,1235,urbana,6.188609616261092e-06,"{""type"": ""Polygon"", ""coordinates"": [[[-99.1812785393025, 19.2703567353708], [-99.17748934061912, 19.2696620823001], [-99.17693535409819, 19.26834214123], [-99.1814837770691, 19.2688329140788], [-99.1812785393025, 19.2703567353708]]]}"
3940,Sección 3940 · Tlalpan,16,5,1,19.26999629765475,-99.17641471284495,938,745,739,urbana,2.922226155699818e-06,"{""type"": ""Polygon"", ""coordinates"": [[[-99.1774523167502, 19.2707207865135], [-99.1761916682653, 19.2705045054746], [-99.1746374815591, 19.2702378509494], [-99.17641906690882, 19.2691031191887], [-99.1774523167502, 19.2707207865135]]]}"
3941,Sección 3941 · Tlalpan,16,5,1,19.268661341281213,-99.17570699399904,721,618,611,urbana,3.177138599234792e-06,"{""type"": ""Polygon"", ""coordinates"": [[[-99.1760770024454, 19.2698327501168], [-99.1744039357963, 19.2688699097369], [-99.1752638421934, 19.2672823571161], [-99.17693535409819, 19.26834214123], [-99.1760770024454, 19.2698327501168]]]}"
3942,Sección 3942 · Tlalpan,16,5,4,19.266836171783048,-99.16949801340468,1047,1049,1037,urbana,1.0208015052805237e-05,"{""type"": ""Polygon"", ""coordinates"": [[[-99.1706082282713, 19.2692472665737], [-99.17121010856, 19.2655973626025], [-99.1682018955617, 19.2644438015525], [-99.16771850508619, 19.2680440221407], [-99.1706082282713, 19.2692472665737]]]}"
3943,Sección 3943 · Tlalpan,16,5,4,19.269840922232543,-99.1678330800228,1744,1405,1385,urbana,1.533061835045914e-05,"{""type"": ""Polygon"", ""coordinates"": [[[-99.16784326434659, 19.272658475473], [-99.1654043151248, 19.2696004099637], [-99.1659111556518, 19.2672764164497], [-99.1706082282713, 19.2692472665737], [-99.16784326434659, 19.272658475473]]]}"
3944,Sección 3944 · Tlalpan,16,5,4,19.26625253191281,-99.16398003853631,3183,2616,2594,urbana,1.543937423980168e-05,"{""type"": ""Polygon"", ""coordinates"": [[[-99.1618784056257, 19.2697390941648], [-99.1634034780463, 19.2649135804212], [-99.16242014488569, 19.2643733181668], [-99.16597128250982, 19.2617793688981], [-99.1636845168374, 19.2704339748684], [-99.1618784056257, 19.2697390941648]]]}"
3945,Sección 3945 · Tlalpan,16,5,4,19.26674900874471,-99.16095352087287,3122,2449,2421,urbana,1.5416798400912413e-05,"{""type"": ""Polygon"", ""coordinates"": [[[-99.16242014488569, 19.2643733181668], [-99.1570868647727, 19.2661427947956], [-99.1608252002165, 19.2669664324218], [-99.161256545233, 19.2716593711507], [-99.1634034780463, 19.2649135804212], [-99.16242014488569, 19.2643733181668]]]}"
3946,Sección 3946 · Tlalpan,16,5,4,19.270685050373555,-99.15977557530492,2566,2371,2354,urbana,1.5978880233505197e-05,"{""type"": ""Polygon"", ""coordinates"": [[[-99.161256545233, 19.2716593711507], [-99.15944701530461, 19.2754855485422], [-99.15836530972749, 19.2750415705995], [-99.1598682830861, 19.2700113678808], [-99.15800024126479, 19.269556267145], [-99.1590091701752, 19.2665429778763], [-99.1608252002165, 19.2669664324218], [-99.161256545233, 19.2716593711507]]]}"
3947,Sección 3947 · Tlalpan,16,5,4,19.271934607574657,-99.15766377048847,2545,2263,2239,urbana,1.4089243692308219e-05,"{""type"": ""Polygon"", ""coordinates"": [[[-99.15853696649319, 19.2743334350483], [-99.1565125786587, 19.2743621001896], [-99.15588018438321, 19.2699871930321], [-99.1598682830861, 19.2700113678808], [-99.15853696649319, 19.2743334350483]]]}"
3948,Sección 3948 · Tlalpan,16,5,4,19.27175850425871,-99.15421393540525,3228,3143,3107,urbana,1.8748069776812713e-05,"{""type"": ""Polygon"", ""coordinates"": [[[-99.15663726856688, 19.2739038271773], [-99.15482381843708, 19.2734555626944], [-99.1540011401155, 19.275495271914], [-99.1525347706687, 19.2745467704653], [-99.1529617101949, 19.2683324569847], [-99.1561545731225, 19.2691360607073], [-99.15521851464301, 19.2721358982296], [-99.1570016126005, 19.2726153816145], [-99.15663726856688, 19.2739038271773]]]}"
3949,Sección 3949 · Tlalpan,16,5,6,19.27759317812547,-99.14796934188908,5749,4115,4064,urbana,8.075769429456589e-05,"{""type"": ""Polygon"", ""coordinates"": [[[-99.14123004899851, 19.2812422884996], [-99.1482859338415, 19.2833273339884], [-99.1504432849325, 19.2786296414119], [-99.1533171177018, 19.2785097510613], [-99.15337366457129, 19.2723713779715], [-99.14992584540092, 19.2714662403763], [-99.14902208350928, 19.2739989567285], [-99.1461880657284, 19.2739216470857], [-99.145044997108, 19.2764820742197], [-99.1426105573595, 19.2772107369073], [-99.1440730530181, 19.2790251838055], [-99.1416492373534, 19.2790878914881], [-99.14123004899851, 19.2812422884996]]]}"
3950,Sección 3950 · Tlalpan,16,5,6,19.276261607369378,-99.14312979838135,1447,1043,1031,urbana,1.0946324311334594e-05,"{""type"": ""Polygon"", ""coordinates"": [[[-99.14542901679631, 19.274797809535], [-99.1420749516217, 19.2739564235604], [-99.1411579864873, 19.2812203103442], [-99.1416492373534, 19.2790878914881], [-99.1440730530181, 19.2790251838055], [-99.1425308410005, 19.2773434624511], [-99.145044997108, 19.2764820742197], [-99.14542901679631, 19.274797809535]]]}"
3951,Sección 3951 · Tlalpan,16,5,4,19.27060282631353,-99.14809504743567,5630,4576,4525,urbana,5.0971893473757664e-05,"{""type"": ""Polygon"", ""coordinates"": [[[-99.1572559740217, 19.2655364836479], [-99.1503240337399, 19.2669147656822], [-99.1493377397135, 19.2652416903451], [-99.14712808038512, 19.2707124036516], [-99.1433577439686, 19.2695148269617], [-99.1420749516217, 19.2739564235604], [-99.14902208350881, 19.2739989562216], [-99.1498460587251, 19.2715117898265], [-99.15200185742479, 19.272057970195], [-99.15237118799338, 19.2673570329867], [-99.1572559740217, 19.2655364836479]]]}"
3952,Sección 3952 · Tlalpan,16,5,4,19.267935544764107,-99.15596455984706,3520,2944,2914,urbana,1.7265584260510925e-05,"{""type"": ""Polygon"", ""coordinates"": [[[-99.1589077766476, 19.2666050030332], [-99.15375517844741, 19.2663754238949], [-99.15215152940299, 19.2679871289275], [-99.1576714273796, 19.2704592926287], [-99.1589077766476, 19.2666050030332]]]}"
3953,Sección 3953 · Tlalpan,16,5,4,19.26290372244981,-99.16975655127169,2401,2073,2051,urbana,2.4901838031995633e-05,"{""type"": ""Polygon"", ""coordinates"": [[[-99.17121010856, 19.2655973626025], [-99.1728461532534, 19.2631632496941], [-99.17182902229058, 19.2584584568733], [-99.169574330443, 19.2626613143899], [-99.16760049667438, 19.2615575518134], [-99.1655887185857, 19.2645799454185], [-99.17121010856, 19.2655973626025]]]}"
3954,Sección 3954 · Tlalpan,16,5,4,19.258159072848965,-99.17202069106764,2023,1739,1716,urbana,2.3170689493185613e-05,"{""type"": ""Polygon"", ""coordinates"": [[[-99.1723374802497, 19.2639488936421], [-99.17384092555419, 19.2628638649141], [-99.17496545292532, 19.2550723392361], [-99.17326608624, 19.2563279900022], [-99.1693083726054, 19.2549145211752], [-99.168083388463, 19.2574953773413], [-99.17178989861029, 19.2581519419535], [-99.1723374802497, 19.2639488936421]]]}"
3955,Sección 3955 · Tlalpan,16,5,4,19.259353368903486,-99.16688820964266,4258,3326,3285,urbana,3.226705889655544e-05,"{""type"": ""Polygon"", ""coordinates"": [[[-99.16597128250982, 19.2617793688981], [-99.1614058050016, 19.2573273612554], [-99.1634588119907, 19.2563893030215], [-99.17178989861029, 19.2581519419535], [-99.169574330443, 19.2626613143899], [-99.16597128250982, 19.2617793688981]]]}"
3956,Sección 3956 · Tlalpan,16,5,4,19.264223605341993,-99.15020482915452,2125,1096,1081,urbana,4.5854216085655315e-05,"{""type"": ""Polygon"", ""coordinates"": [[[-99.15917900763078, 19.2650630601646], [-99.1523553966683, 19.2615232250198], [-99.1465803180323, 19.2632920767946], [-99.1436640841821, 19.261354378391], [-99.1428982867268, 19.2627158297045], [-99.1454920996037, 19.2638898726966], [-99.1433592502684, 19.2664683125619], [-99.14931245123978, 19.2648265623879], [-99.1503240337401, 19.2669147659356], [-99.15917900763078, 19.2650630601646]]]}"
3957,Sección 3957 · Tlalpan,16,5,4,19.267723095848662,-99.14619156982018,2433,1810,1797,urbana,2.36132039510078e-05,"{""type"": ""Polygon"", ""coordinates"": [[[-99.14712808038558, 19.2707124041585], [-99.1429066657573, 19.269386797548], [-99.1433592502684, 19.2664683125619], [-99.14956291521628, 19.2648926985797], [-99.14712808038558, 19.2707124041585]]]}"
3958,Sección 3958 · Tlalpan,16,5,4,19.24086112536743,-99.1530119413692,5190,4469,4424,urbana,7.887259248259871e-05,"{""type"": ""Polygon"", ""coordinates"": [[[-99.15450550631701, 19.2478235225241], [-99.15523756523558, 19.2485097422649], [-99.15462422697648, 19.2461041438914], [-99.1583512767957, 19.2373356163432], [-99.1572491410116, 19.2350661723779], [-99.14701698993748, 19.23931319947], [-99.1500467255286, 19.2449750291625], [-99.15450550631701, 19.2478235225241]]]}"
3959,Sección 3959 · Tlalpan,16,5,4,19.24554602176681,-99.15857065716412,4452,3522,3480,urbana,7.300850716885427e-05,"{""type"": ""Polygon"", ""coordinates"": [[[-99.1613256268556, 19.2533242392362], [-99.15584363611408, 19.2519211386459], [-99.15562766048119, 19.2474981249957], [-99.1544358431126, 19.2471102279248], [-99.1583370832718, 19.2360183232867], [-99.16138212427138, 19.2406423959832], [-99.1607297761127, 19.2435388976625], [-99.1630331731069, 19.2438870655974], [-99.1596076464914, 19.2444666077567], [-99.163702489191, 19.2479943587135], [-99.15955621859459, 19.2476421664864], [-99.15853586280069, 19.2505998777499], [-99.16182867319002, 19.251704671911], [-99.1613256268556, 19.2533242392362]]]}"
3960,Sección 3960 · Tlalpan,16,5,4,19.245447879439205,-99.16593939570876,2794,2427,2407,urbana,6.182708723039423e-05,"{""type"": ""Polygon"", ""coordinates"": [[[-99.1636850328927, 19.2482518832508], [-99.1664036326782, 19.249960347138], [-99.1685720223846, 19.2491587743419], [-99.1695824272988, 19.2510580631492], [-99.1714651132599, 19.2490177951096], [-99.1700692616208, 19.2472571661431], [-99.1706734793641, 19.2448723616166], [-99.1676265850669, 19.2421759376987], [-99.16138212427138, 19.2406423959832], [-99.1607297761127, 19.2435388976625], [-99.1628071023411, 19.2447304531118], [-99.1596022868107, 19.24455978151], [-99.1636850328927, 19.2482518832508]]]}"
3961,Sección 3961 · Tlalpan,16,5,4,19.25070687251085,-99.16471617697873,3932,3595,3558,urbana,4.342112214605274e-05,"{""type"": ""Polygon"", ""coordinates"": [[[-99.16980235300119, 19.2550246230483], [-99.1710474817159, 19.2517537709178], [-99.1696025539658, 19.2496520847921], [-99.15955621859459, 19.2476421664864], [-99.15853586280069, 19.2505998777499], [-99.16182867319002, 19.251704671911], [-99.1613256268556, 19.2533242392362], [-99.1668160259749, 19.2516428736521], [-99.16980235300119, 19.2550246230483]]]}"
3962,Sección 3962 · Tlalpan,16,5,4,19.254728613838104,-99.16334923696265,4932,4236,4187,urbana,4.891732035352216e-05,"{""type"": ""Polygon"", ""coordinates"": [[[-99.1588653076276, 19.2556658475385], [-99.15584363611408, 19.2519211386459], [-99.1615522633274, 19.2533596443086], [-99.1668160259749, 19.2516428736521], [-99.1691520945338, 19.2535014936925], [-99.168083388463, 19.2574953773413], [-99.1634588119907, 19.2563893030215], [-99.1614058050016, 19.2573273612554], [-99.1621687531492, 19.2583360361368], [-99.1588653076276, 19.2556658475385]]]}"
3963,Sección 3963 · Tlalpan,16,5,4,19.253996648095708,-99.17221018728216,2041,1855,1831,urbana,1.434846123125298e-05,"{""type"": ""Polygon"", ""coordinates"": [[[-99.17472172321371, 19.2529996697108], [-99.1711342740015, 19.251591638451], [-99.16980235300119, 19.2550246230483], [-99.17326608624, 19.2563279900022], [-99.17472172321371, 19.2529996697108]]]}"
3964,Sección 3964 · Tlalpan,16,5,4,19.255524824130173,-99.17607194290214,1102,1012,995,urbana,1.3268791334149359e-05,"{""type"": ""Polygon"", ""coordinates"": [[[-99.1746571166875, 19.257400436096], [-99.17849480012, 19.2561846983401], [-99.17472172321371, 19.2529996697108], [-99.1736374158707, 19.2555319432543], [-99.17496545292532, 19.2550723392361], [-99.1746571166875, 19.257400436096]]]}"
3965,Sección 3965 · Tlalpan,16,5,4,19.256963775105348,-99.17847965627266,1483,1396,1374,urbana,2.721506786129161e-05,"{""type"": ""Polygon"", ""coordinates"": [[[-99.17533742331901, 19.2575273707005], [-99.17525913547169, 19.259525759009], [-99.17825367708978, 19.2607263466615], [-99.1793864932289, 19.2579688617866], [-99.18221491015709, 19.2575393356524], [-99.1802910939863, 19.2536804639141], [-99.1768272863472, 19.2524195313216], [-99.17849480012, 19.2561846983401], [-99.17533742331901, 19.2575273707005]]]}"
3966,Sección 3966 · Tlalpan,19,5,4,19.25505966161661,-99.18249987304915,1662,1373,1358,urbana,1.0908155990780117e-05,"{""type"": ""Polygon"", ""coordinates"": [[[-99.1812216702345, 19.256141453323], [-99.1803335153249, 19.2536135421215], [-99.18397751897362, 19.253592464366], [-99.18428946478319, 19.2565179719], [-99.1812216702345, 19.256141453323]]]}"
3967,Sección 3967 · Tlalpan,19,5,4,19.258084763304385,-99.18451991773229,1325,1158,1147,urbana,9.467978353930489e-06,"{""type"": ""Polygon"", ""coordinates"": [[[-99.1821914668484, 19.2579787146603], [-99.1840373025246, 19.2588164575235], [-99.1845346353096, 19.2576655538575], [-99.1852757489855, 19.2612524132668], [-99.1867708635977, 19.258180579314], [-99.18527592100631, 19.2589927859887], [-99.1843010229043, 19.257161362233], [-99.1862921232457, 19.2558312862945], [-99.1813843451307, 19.2565907481339], [-99.1821914668484, 19.2579787146603]]]}"
3968,Sección 3968 · Tlalpan,19,5,4,19.247435946603108,-99.18807421327242,2426,1469,1452,urbana,0.00020565139040130544,"{""type"": ""Polygon"", ""coordinates"": [[[-99.18647012434191, 19.2558337558539], [-99.192313841819, 19.2550731705021], [-99.19419130613312, 19.2507033700785], [-99.1956406746694, 19.2514083713824], [-99.1947851496468, 19.2439675788915], [-99.19659824729982, 19.2428972051517], [-99.1939167787963, 19.2409699887349], [-99.1929556145139, 19.2363125147654], [-99.1821813910402, 19.244043745037], [-99.1802784618755, 19.2432557907072], [-99.1784591422622, 19.2469537417778], [-99.1782343058675, 19.248047474914], [-99.1834169938609, 19.2495230008106], [-99.1792569225645, 19.2522517338532], [-99.17951206003872, 19.2536383045627], [-99.18397751897362, 19.253592464366], [-99.1840752392255, 19.2551802965], [-99.18647012434191, 19.2558337558539]]]}"
3969,Sección 3969 · Tlalpan,16,5,4,19.249623753289104,-99.1775670540684,2562,2439,2412,urbana,4.472052603845308e-05,"{""type"": ""Polygon"", ""coordinates"": [[[-99.17353185113339, 19.2525326697373], [-99.17528071988302, 19.2482878456189], [-99.1734719937551, 19.247223374483], [-99.17530239927999, 19.2471042478616], [-99.1760145347305, 19.2446805393457], [-99.1777737481042, 19.2444384221187], [-99.1782496029107, 19.2461656610417], [-99.1768823237213, 19.2462683398041], [-99.1781821159912, 19.2480181696968], [-99.1834169938609, 19.2495230008106], [-99.1792569225645, 19.2522517338532], [-99.17951206003872, 19.2536383045627], [-99.17353185113339, 19.2525326697373]]]}"
3970,Sección 3970 · Tlalpan,16,5,4,19.248889680246588,-99.17244097679618,2473,2127,2110,urbana,2.356795808401409e-05,"{""type"": ""Polygon"", ""coordinates"": [[[-99.1707363608265, 19.2457097328479], [-99.17338587280798, 19.2454782115818], [-99.1736338411195, 19.2476558302425], [-99.17528071988302, 19.2482878456189], [-99.17353185113339, 19.2525326697373], [-99.1695824272988, 19.2510580631492], [-99.1714651132599, 19.2490177951096], [-99.1707363608265, 19.2457097328479]]]}"
3971,Sección 3971 · Tlalpan,16,5,4,19.240753147857596,-99.17420801564296,4419,2444,2425,urbana,0.00011872953924076027,"{""type"": ""Polygon"", ""coordinates"": [[[-99.1674620000515, 19.2420659674606], [-99.1640519729088, 19.2355544920011], [-99.1736858389251, 19.2393154154826], [-99.174454099108, 19.2353516307744], [-99.17862856673739, 19.2349763170316], [-99.17834966732758, 19.2378069050557], [-99.1826166914591, 19.2399543463718], [-99.1784591422622, 19.2469537417778], [-99.1768823237213, 19.2462683398041], [-99.1782496029107, 19.2461656610417], [-99.1777737481042, 19.2444384221187], [-99.1760145347305, 19.2446805393457], [-99.17530239927999, 19.2471042478616], [-99.1707363608265, 19.2457097328479], [-99.1674620000515, 19.2420659674606]]]}"
3972,Sección 3972 · Tlalpan,19,5,3,19.23392544696709,-99.1850872840106,3577,3151,3117,urbana,0.00014960832769564888,"{""type"": ""Polygon"", ""coordinates"": [[[-99.1895256024371, 19.2336154681495], [-99.19035907852322, 19.2273136500512], [-99.18723987475882, 19.2239810016055], [-99.1821156287146, 19.22685686716], [-99.18341916919161, 19.2279203023746], [-99.18022260639138, 19.2328651195003], [-99.1782879836639, 19.2318259079482], [-99.1781699559451, 19.2375453519055], [-99.1826166914591, 19.2399543463718], [-99.1805565039585, 19.2431090377273], [-99.1821813910402, 19.244043745037], [-99.1906546916856, 19.2389571733189], [-99.1910038798344, 19.2343733196279], [-99.18851690905018, 19.2347973189257], [-99.1895256024371, 19.2336154681495]]]}"
3973,Sección 3973 · Tlalpan,19,5,3,19.22764459565114,-99.17206734688875,5418,4408,4354,urbana,0.00025413767276787026,"{""type"": ""Polygon"", ""coordinates"": [[[-99.18125729764071, 19.2302467126008], [-99.18022260639138, 19.2328651195003], [-99.1783770256968, 19.2316006381318], [-99.17862856673739, 19.2349763170316], [-99.174454099108, 19.2353516307744], [-99.1736858389251, 19.2393154154826], [-99.17213971765949, 19.2392719830311], [-99.1679294429082, 19.2361668580719], [-99.16551466021882, 19.2253216276164], [-99.1596110612956, 19.2193330588884], [-99.1639383213053, 19.2181943611717], [-99.17165280202082, 19.2214514200829], [-99.1714650992919, 19.2203209552098], [-99.1775460655463, 19.2206274129837], [-99.1794804690166, 19.2227666798837], [-99.1791094042159, 19.2251068568367], [-99.18341916919161, 19.2279203023746], [-99.18125729764071, 19.2302467126008]]]}"
3974,Sección 3974 · Tlalpan,19,5,3,19.237951138898676,-99.16285026438688,1409,2256,2230,urbana,4.30306283019268e-05,"{""type"": ""Polygon"", ""coordinates"": [[[-99.1572491410116, 19.2350661723779], [-99.1612407566449, 19.2337732106023], [-99.16478145533398, 19.2352446078894], [-99.1638843229911, 19.2361138314301], [-99.1669258362648, 19.2390487595782], [-99.1674620000515, 19.2420659674606], [-99.16104164116031, 19.2405026138127], [-99.1572491410116, 19.2350661723779]]]}"
3975,Sección 3975 · Tlalpan,19,5,3,19.22883469860641,-99.16034098334241,4180,3764,3718,urbana,0.00013939452319315868,"{""type"": ""Polygon"", ""coordinates"": [[[-99.15438752192591, 19.2298357468513], [-99.1532800180222, 19.2257721576244], [-99.15431645526212, 19.2228466306055], [-99.1591215227429, 19.2226768794039], [-99.1602940109273, 19.2200993071086], [-99.16551466021882, 19.2253216276164], [-99.1679294429082, 19.2361668580719], [-99.1612407566449, 19.2337732106023], [-99.15749701322399, 19.2352342369808], [-99.15438752192591, 19.2298357468513]]]}"
3976,Sección 3976 · Tlalpan,19,5,3,19.221769969346003,-99.14973142914168,2273,2423,2396,urbana,0.0002156439242998804,"{""type"": ""Polygon"", ""coordinates"": [[[-99.1445743504051, 19.2345808158463], [-99.1470018604496, 19.2338909067521], [-99.1456297512319, 19.2307182208582], [-99.1498377098935, 19.2317417823649], [-99.1551259532416, 19.2193682383741], [-99.1378588888076, 19.2140808537719], [-99.1366224875189, 19.2094440063109], [-99.14388972662171, 19.2094962834874], [-99.1445867780101, 19.2073678958705], [-99.14793082035318, 19.213037888975], [-99.1524497404797, 19.2137145861184], [-99.1549992149949, 19.2116232020525], [-99.1577414610498, 19.2176198675496], [-99.1618855829186, 19.2183172708219], [-99.1596110612956, 19.2193330588884], [-99.1591215227424, 19.2226768788969], [-99.1543164552618, 19.222846630352], [-99.1532800180217, 19.2257721571175], [-99.1546520578117, 19.2318141576884], [-99.1572491410114, 19.2350661721244], [-99.14701698993701, 19.2393131989631], [-99.1445743504051, 19.2345808158463]]]}"
3977,Sección 3977 · Tlalpan,19,5,3,19.20426508382937,-99.13465993126637,2836,2401,2378,urbana,4.333309387165007e-05,"{""type"": ""Polygon"", ""coordinates"": [[[-99.1328544517301, 19.2099697818257], [-99.1302997348247, 19.2031644284904], [-99.1367430253629, 19.1999974605157], [-99.13653807753079, 19.2031977253905], [-99.1377263152197, 19.2011044891412], [-99.1383970440959, 19.2027179073744], [-99.1403091550414, 19.2025527761163], [-99.1328544517301, 19.2099697818257]]]}"
3978,Sección 3978 · Tlalpan,19,5,3,19.206247706335294,-99.13883124435388,1742,2427,2405,urbana,3.384147928053301e-05,"{""type"": ""Polygon"", ""coordinates"": [[[-99.1341906293065, 19.2094374261236], [-99.1404314167289, 19.2087146956102], [-99.1425884514023, 19.2041775778081], [-99.1420451614795, 19.2017117697572], [-99.1368731065792, 19.2051015956127], [-99.1341906293065, 19.2094374261236]]]}"
3979,Sección 3979 · Tlalpan,19,5,3,19.20539143637482,-99.14313038861691,3770,1717,1699,urbana,3.105357572556545e-05,"{""type"": ""Polygon"", ""coordinates"": [[[-99.1414994072727, 19.2016424352417], [-99.1438719453063, 19.2003866505097], [-99.14365439665382, 19.2019486373423], [-99.1469503903039, 19.2030522035248], [-99.14440482810728, 19.20518741159], [-99.1438897266221, 19.2094962839943], [-99.1393780110169, 19.209567560139], [-99.1425884514023, 19.2041775778081], [-99.1414994072727, 19.2016424352417]]]}"
3980,Sección 3980 · Tlalpan,19,5,3,19.20544418255229,-99.14809790716504,2854,2637,2607,urbana,4.804027757763536e-05,"{""type"": ""Polygon"", ""coordinates"": [[[-99.14382491335262, 19.2007243411103], [-99.1532948030535, 19.2015651002417], [-99.1517256248646, 19.2043626107444], [-99.14919968161271, 19.2034924399068], [-99.1505369637331, 19.2073967009165], [-99.1480680564416, 19.2126034554844], [-99.1445867780103, 19.2073678961239], [-99.1444958058727, 19.2050017888542], [-99.1469503903039, 19.2030522035248], [-99.14365439665382, 19.2019486373423], [-99.14382491335262, 19.2007243411103]]]}"
3981,Sección 3981 · Tlalpan,19,5,3,19.16758725381949,-99.1768742155461,10108,8561,8456,urbana,0.0029384078247381464,"{""type"": ""Polygon"", ""coordinates"": [[[-99.1639383213053, 19.2181943611717], [-99.1610449701467, 19.2189557456974], [-99.1618855829191, 19.2183172713288], [-99.15774146105032, 19.2176198680565], [-99.1549992149951, 19.211623202306], [-99.15244974047991, 19.2137145863718], [-99.1479308203536, 19.2130378894819], [-99.1505369637331, 19.2073967009165], [-99.14919968161271, 19.2034924399068], [-99.1517256248646, 19.2043626107444], [-99.1534358631814, 19.2029301814663], [-99.1532948030535, 19.2015651002417], [-99.1490280277823, 19.2018521309161], [-99.1488285510359, 19.1999733626276], [-99.1524824311395, 19.1990407045337], [-99.1547631407775, 19.1948066150703], [-99.157890232001, 19.1934346556045], [-99.14886104170499, 19.1929461747717], [-99.1526075764125, 19.1813563745497], [-99.15071766530902, 19.1804533706551], [-99.15825286195201, 19.1704159674588], [-99.166188512296, 19.1663819876308], [-99.1693625930648, 19.141310767953], [-99.17413560543838, 19.1438414388734], [-99.1774600000498, 19.1413329999264], [-99.17606300003558, 19.1381179999197], [-99.17831441932242, 19.133883925297], [-99.1857206138673, 19.1332949497067], [-99.1775647965901, 19.1231755008427], [-99.193309875588, 19.109642678092], [-99.2022356339453, 19.0902817156055], [-99.2049847225422, 19.0903267973071], [-99.1853138198385, 19.205038468006], [-99.1780760097673, 19.2048677245045], [-99.17108698295581, 19.2154317073091], [-99.17165280202082, 19.2214514200829], [-99.1639383213053, 19.2181943611717]]]}"
3982,Sección 3982 · Tlalpan,19,5,3,19.196678164903705,-99.14996068410917,3735,3280,3238,urbana,6.48645521761794e-05,"{""type"": ""Polygon"", ""coordinates"": [[[-99.1490280277823, 19.2018521309161], [-99.14221497343812, 19.2001942451506], [-99.14886104170499, 19.1929461747717], [-99.1572141380468, 19.1926616112836], [-99.157890232001, 19.1934346556045], [-99.1547631407775, 19.1948066150703], [-99.1524824311395, 19.1990407045337], [-99.1488285510359, 19.1999733626276], [-99.1490280277823, 19.2018521309161]]]}"
3983,Sección 3983 · Tlalpan,19,5,3,19.20061569238527,-99.13966210745384,1823,1616,1600,urbana,1.473612032545865e-05,"{""type"": ""Polygon"", ""coordinates"": [[[-99.1427981052872, 19.1995654883944], [-99.1415555894826, 19.1995853877022], [-99.14235455492519, 19.1977514621097], [-99.1401106603471, 19.1983696659099], [-99.1378441199234, 19.1997700847539], [-99.13654386293588, 19.2016414614959], [-99.1364639914045, 19.2031294031484], [-99.1377263152197, 19.2011044891412], [-99.1383970440959, 19.2027179073744], [-99.1403091550414, 19.2025527761163], [-99.1427981052872, 19.1995654883944]]]}"
3984,Sección 3984 · Tlalpan,19,5,3,19.175998304115513,-99.14255798539469,7363,6232,6156,urbana,0.0004548734326370041,"{""type"": ""Polygon"", ""coordinates"": [[[-99.1427981052872, 19.1995654883944], [-99.1415555894826, 19.1995853877022], [-99.14235455492519, 19.1977514621097], [-99.1399659155033, 19.1978763749713], [-99.1415235321286, 19.1954172159843], [-99.1403186125672, 19.1904590895932], [-99.1413648870762, 19.1889663680325], [-99.1390319090797, 19.1887012226426], [-99.1379905775992, 19.186819146208], [-99.13566134305, 19.1880168024994], [-99.1340108860055, 19.1854958434599], [-99.1371179334329, 19.1804995476971], [-99.1358911872421, 19.1770462337584], [-99.1375489910595, 19.1742470748578], [-99.1348333818435, 19.1741655264161], [-99.1347890076751, 19.1723858099508], [-99.13782710491691, 19.1663629661564], [-99.1383243978713, 19.1486748326809], [-99.14121648748032, 19.1508262671179], [-99.1422946173417, 19.1457897400501], [-99.145198932573, 19.1494035522902], [-99.1429694220603, 19.1681814489999], [-99.1466921386481, 19.1729281265728], [-99.1498595660159, 19.1733508541489], [-99.1459488207411, 19.1799252204126], [-99.1526075764125, 19.1813563745497], [-99.148249246725, 19.1943938042066], [-99.1427981052872, 19.1995654883944]]]}"
3985,Sección 3985 · Tlalpan,19,5,3,19.175387729290005,-99.1313597462131,4910,3846,3806,urbana,0.0006901566833547758,"{""type"": ""Polygon"", ""coordinates"": [[[-99.1299470043339, 19.1967034289381], [-99.1251919368838, 19.1955613036595], [-99.1229440857873, 19.1924585164838], [-99.1245389168371, 19.1846861273564], [-99.12045705473759, 19.1806730994894], [-99.125038359927, 19.171046115863], [-99.12401179878891, 19.1618383392748], [-99.1253190618143, 19.1569908696025], [-99.1293940030527, 19.1546348267407], [-99.13049615409791, 19.1432046399653], [-99.1383243978713, 19.1486748326809], [-99.13782710491691, 19.1663629661564], [-99.1347890076751, 19.1723858099508], [-99.1348333818435, 19.1741655264161], [-99.1375489910595, 19.1742470748578], [-99.1358911872421, 19.1770462337584], [-99.1371179334329, 19.1804995476971], [-99.1340108860055, 19.1854958434599], [-99.13566134305, 19.1880168024994], [-99.1379905775992, 19.186819146208], [-99.1390319090797, 19.1887012226426], [-99.1413648870762, 19.1889663680325], [-99.1403186125672, 19.1904590895932], [-99.1415641170018, 19.19462530442], [-99.1398854139203, 19.1993267724795], [-99.1305416698335, 19.2032255361725], [-99.12930236957462, 19.2029378063115], [-99.1299470043339, 19.1967034289381]]]}"
3986,Sección 3986 · Tlalpan,19,5,3,19.232451098223827,-99.19752104065604,5515,4953,4890,urbana,0.00013248479365970457,"{""type"": ""Polygon"", ""coordinates"": [[[-99.1895651157251, 19.2345487208028], [-99.18851690905018, 19.2347973189257], [-99.1900664945005, 19.2302351938994], [-99.19397009165992, 19.2306826952193], [-99.1950878794126, 19.2278364821866], [-99.20217234798669, 19.2239233723858], [-99.2017900726358, 19.2263534375139], [-99.2033338279835, 19.2260337771821], [-99.2044540268895, 19.2279342508971], [-99.2025783520608, 19.2289054078583], [-99.204230703533, 19.235864579169], [-99.2011062163019, 19.2359016285635], [-99.2014428131739, 19.2374708715514], [-99.1987669754947, 19.2388447242546], [-99.1952735909255, 19.2387888780889], [-99.1929556145139, 19.2363125147654], [-99.1906546916856, 19.2389571733189], [-99.1910038798344, 19.2343733196279], [-99.1895651157251, 19.2345487208028]]]}"
3987,Sección 3987 · Tlalpan,19,5,3,19.236741397597996,-99.20929816806954,6094,5306,5259,urbana,0.00046019029852637823,"{""type"": ""Polygon"", ""coordinates"": [[[-99.2295257806358, 19.2324234191305], [-99.2176498269233, 19.2327689218302], [-99.21820721882419, 19.2475138441758], [-99.211846052773, 19.2448089953942], [-99.20986048902608, 19.2479346299981], [-99.2086036698324, 19.2458812189578], [-99.2008927555829, 19.2511284797408], [-99.19986975180052, 19.2490014551223], [-99.1960966292945, 19.2479520099832], [-99.1965465842452, 19.2426818503212], [-99.1939167787963, 19.2409699887349], [-99.1928992853936, 19.2371281411608], [-99.1987669754947, 19.2388447242546], [-99.2014428131739, 19.2374708715514], [-99.2011062163019, 19.2359016285635], [-99.20428381894499, 19.2358077604644], [-99.2025783520608, 19.2289054078583], [-99.2044540268895, 19.2279342508971], [-99.2017329324704, 19.2261075366394], [-99.2030346805001, 19.2224119280081], [-99.2198254070284, 19.2283847690239], [-99.22629663563178, 19.2265274133815], [-99.2295257806358, 19.2324234191305]]]}"
3988,Sección 3988 · Tlalpan,19,5,3,19.224913025536544,-99.19504627890771,2936,2758,2732,urbana,8.998395463518684e-05,"{""type"": ""Polygon"", ""coordinates"": [[[-99.19397009165992, 19.2306826952193], [-99.1900664945005, 19.2302351938994], [-99.19035907852322, 19.2273136500512], [-99.18723987475882, 19.2239810016055], [-99.1940196959192, 19.2203472301124], [-99.1981739514835, 19.2226540466125], [-99.20089174733279, 19.2223383415178], [-99.20115839632048, 19.2204005551662], [-99.2052857386461, 19.2203540236519], [-99.205180090281, 19.2223960053475], [-99.2030346805001, 19.2224119280081], [-99.1963008605109, 19.2281621381373], [-99.19586712938218, 19.2272237400698], [-99.19397009165992, 19.2306826952193]]]}"
3989,Sección 3989 · Tlalpan,19,5,3,19.21801830819648,-99.19997987926081,3230,2553,2536,urbana,6.245638675963122e-05,"{""type"": ""Polygon"", ""coordinates"": [[[-99.1956832051733, 19.2214515110923], [-99.1964932355128, 19.2142301313544], [-99.19976706740059, 19.2122016058941], [-99.20285482686741, 19.2179256883279], [-99.2082839943329, 19.2171796994113], [-99.2052709241557, 19.2184202570975], [-99.2052857386461, 19.2203540236519], [-99.20115839632048, 19.2204005551662], [-99.20089174733279, 19.2223383415178], [-99.1956832051733, 19.2214515110923]]]}"
3990,Sección 3990 · Tlalpan,19,5,3,19.212855728901705,-99.18983752018026,6436,5457,5402,urbana,0.0005776538565503439,"{""type"": ""Polygon"", ""coordinates"": [[[-99.1828542196703, 19.2267364929306], [-99.1791094042159, 19.2251068568367], [-99.1794804690166, 19.2227666798837], [-99.1775460655463, 19.2206274129837], [-99.1714650992919, 19.2203209552098], [-99.17108698295581, 19.2154317073091], [-99.1780760097673, 19.2048677245045], [-99.1865892723498, 19.2055363810634], [-99.18933626567998, 19.2043885911632], [-99.1905359986907, 19.1980247204997], [-99.1935641271694, 19.2022478443767], [-99.1933763502474, 19.2045395141938], [-99.20562496096439, 19.202226444986], [-99.2071352036007, 19.2097866204074], [-99.21222992167, 19.2094975729048], [-99.2117940245205, 19.2111960375063], [-99.2159924951284, 19.211068360306], [-99.21195782376522, 19.2144045322342], [-99.20664192907539, 19.2138822564293], [-99.2053898521702, 19.2176952033698], [-99.2034413533866, 19.2179250380647], [-99.2012232632337, 19.2168820436304], [-99.20153194398378, 19.2140089808667], [-99.19976706740059, 19.2122016058941], [-99.1964932355128, 19.2142301313544], [-99.1956832051733, 19.2214515110923], [-99.1940196959192, 19.2203472301124], [-99.1828542196703, 19.2267364929306]]]}"
3991,Sección 3991 · Tlalpan,19,5,3,19.166307950005574,-99.24096245098094,5180,4822,4768,urbana,0.010838717381558508,"{""type"": ""Polygon"", ""coordinates"": [[[-99.2035999659018, 19.2034775443015], [-99.1933763502474, 19.2045395141938], [-99.1935641271694, 19.2022478443767], [-99.1905359986907, 19.1980247204997], [-99.18933626567998, 19.2043885911632], [-99.1853138198385, 19.205038468006], [-99.2049847225422, 19.0903267973071], [-99.2157029972081, 19.0905020978237], [-99.2253167457344, 19.0947605013548], [-99.28194915303989, 19.1337105828455], [-99.30098602901299, 19.1841684320782], [-99.300095256986, 19.1857942864226], [-99.3032179883024, 19.1907399680469], [-99.3031631784818, 19.2067484332359], [-99.30156112639239, 19.211065036553], [-99.29785066579281, 19.2127982501435], [-99.27995112488618, 19.2097940214178], [-99.2769814497308, 19.2105051720695], [-99.2726823321052, 19.2140935398049], [-99.2723307427736, 19.2177938943031], [-99.2637595592231, 19.2252646858616], [-99.25890887063971, 19.2271902897692], [-99.24925792978212, 19.2274016037084], [-99.2429959756616, 19.2244185840167], [-99.23432430150682, 19.2235654735368], [-99.2304564767854, 19.2179698233483], [-99.2239334096418, 19.2216865854349], [-99.22629663563178, 19.2265274133815], [-99.2207250362427, 19.228483672284], [-99.2114682992945, 19.2243884857759], [-99.2107305003896, 19.2207011733607], [-99.21383363197229, 19.217105125163], [-99.2111228707041, 19.2182759549397], [-99.2054863743046, 19.2167035714718], [-99.20664192907539, 19.2138822564293], [-99.21195782376522, 19.2144045322342], [-99.2159924951284, 19.211068360306], [-99.2117940245205, 19.2111960375063], [-99.21222992167, 19.2094975729048], [-99.2071352036007, 19.2097866204074], [-99.205771093674, 19.202355055306], [-99.2035999659018, 19.2034775443015]]]}"
3992,Sección 3992 · Tlalpan,19,5,3,19.221245955003727,-99.20856743105345,3018,2549,2527,urbana,3.633721890256017e-05,"{""type"": ""Polygon"", ""coordinates"": [[[-99.21215690756739, 19.2255025654949], [-99.205180090281, 19.2223960053475], [-99.2052709241557, 19.2184202570975], [-99.21383363197229, 19.217105125163], [-99.2107305003896, 19.2207011733607], [-99.21215690756739, 19.2255025654949]]]}"
3993,Sección 3993 · Tlalpan,19,5,3,19.122342243581556,-99.16329208370392,1962,2922,2897,urbana,0.0030819121051857933,"{""type"": ""Polygon"", ""coordinates"": [[[-99.1766429998714, 19.1367519998753], [-99.1774600000498, 19.1413329999264], [-99.17413560543838, 19.1438414388734], [-99.1693625930648, 19.141310767953], [-99.166188512296, 19.1663819876308], [-99.15825286195201, 19.1704159674588], [-99.15071766530902, 19.1804533706551], [-99.1459488207411, 19.1799252204126], [-99.1498595660159, 19.1733508541489], [-99.1466921386481, 19.1729281265728], [-99.1429694220603, 19.1681814489999], [-99.145198932573, 19.1494035522902], [-99.1422946173417, 19.1457897400501], [-99.1503901932601, 19.1116569824388], [-99.12567321049869, 19.0878485369983], [-99.2022356339453, 19.0902817156055], [-99.193309875588, 19.109642678092], [-99.1775647965901, 19.1231755008427], [-99.1857206138673, 19.1332949497067], [-99.17831441932242, 19.133883925297], [-99.1766429998714, 19.1367519998753]]]}"
3994,Sección 3994 · Tlalpan,19,5,3,19.24483154225567,-99.22918718848798,2201,1967,1936,urbana,0.0013537021903593258,"{""type"": ""Polygon"", ""coordinates"": [[[-99.2450233126018, 19.2586207823355], [-99.24552659191448, 19.2612351531912], [-99.2152656291634, 19.263555007515], [-99.21503856125578, 19.2692222601867], [-99.2048960359058, 19.2598629926166], [-99.2008927555829, 19.2511284797408], [-99.2086036698324, 19.2458812189578], [-99.20986048902608, 19.2479346299981], [-99.211846052773, 19.2448089953942], [-99.21820721882419, 19.2475138441758], [-99.2176498269233, 19.2327689218302], [-99.229641835899, 19.2323534185616], [-99.2237846841642, 19.2223713727901], [-99.2304564767854, 19.2179698233483], [-99.23432430150682, 19.2235654735368], [-99.2429959756616, 19.2244185840167], [-99.24925792978212, 19.2274016037084], [-99.25890887063971, 19.2271902897692], [-99.25122493793968, 19.2331819362255], [-99.2484044534695, 19.2435708208981], [-99.2431711522167, 19.2497853084607], [-99.2436429850279, 19.2558814279542], [-99.2424329921754, 19.2577227862241], [-99.2450233126018, 19.2586207823355]]]}"
3995,Sección 3995 · Tlalpan,16,5,4,19.266150967268374,-99.17267963315462,1053,880,873,urbana,1.2558987652122569e-05,"{""type"": ""Polygon"", ""coordinates"": [[[-99.1719559307006, 19.2685504307458], [-99.1707371360636, 19.2680599850454], [-99.17121010856, 19.2655973626025], [-99.1741347434845, 19.263909442795], [-99.1745567887175, 19.2670188476315], [-99.1719559307006, 19.2685504307458]]]}"
3996,Sección 3996 · Tlalpan,16,14,1,19.274003651326062,-99.17792971343134,862,830,824,urbana,3.0521728597447284e-06,"{""type"": ""Polygon"", ""coordinates"": [[[-99.1767252341327, 19.2738437886243], [-99.1762988187755, 19.2733573819131], [-99.17974087852089, 19.2735925421222], [-99.17811860760432, 19.2750905046015], [-99.1767252341327, 19.2738437886243]]]}"
3997,Sección 3997 · Tlalpan,16,5,1,19.27050092363397,-99.17918004870836,772,649,641,urbana,3.025292328485832e-06,"{""type"": ""Polygon"", ""coordinates"": [[[-99.179950533082, 19.2711498595983], [-99.1790582084004, 19.2709962853138], [-99.1774523167502, 19.2707207865135], [-99.1809397531273, 19.270307582636], [-99.179950533082, 19.2711498595983]]]}"
3998,Sección 3998 · Tlalpan,16,5,1,19.2688689494553,-99.17376274372647,1811,1387,1377,urbana,7.01525434184058e-06,"{""type"": ""Polygon"", ""coordinates"": [[[-99.1746374815591, 19.2702378509494], [-99.1726981362581, 19.2705465131598], [-99.1719559307006, 19.2685504307458], [-99.17439716861591, 19.2670015313855], [-99.1746374815591, 19.2702378509494]]]}"
3999,Sección 3999 · Tlalpan,16,5,4,19.266317135109475,-99.16673722990316,821,868,858,urbana,7.776227158129151e-06,"{""type"": ""Polygon"", ""coordinates"": [[[-99.1659111556518, 19.2672764164497], [-99.16483249285409, 19.2667764944221], [-99.1655887185857, 19.2645799454185], [-99.1687645278453, 19.2658744792182], [-99.16771850508619, 19.2680440221407], [-99.1659111556518, 19.2672764164497]]]}"
4000,Sección 4000 · Tlalpan,16,5,4,19.269391161822785,-99.16509100933553,1008,745,732,urbana,7.113438407576183e-06,"{""type"": ""Polygon"", ""coordinates"": [[[-99.1636845168374, 19.2704339748684], [-99.16483249285409, 19.2667764944221], [-99.1659111556518, 19.2672764164497], [-99.16638123467028, 19.2710272371423], [-99.1636845168374, 19.2704339748684]]]}"
4001,Sección 4001 · Tlalpan,16,5,1,19.276526106175574,-99.17171370500044,890,814,804,urbana,4.074739185737682e-06,"{""type"": ""Polygon"", ""coordinates"": [[[-99.17146141972, 19.27727773441], [-99.1700664995799, 19.2765780428931], [-99.1715145553444, 19.2752613471541], [-99.1738636704882, 19.2767666327374], [-99.17146141972, 19.27727773441]]]}"
4002,Sección 4002 · Tlalpan,16,5,4,19.25598811078637,-99.15095593233353,1583,446,439,urbana,0.00030789737812387917,"{""type"": ""Polygon"", ""coordinates"": [[[-99.16597128250982, 19.2617793688981], [-99.1593442770307, 19.2651054555951], [-99.1523553966683, 19.2615232250198], [-99.1465803180323, 19.2632920767946], [-99.1436640841821, 19.261354378391], [-99.14293605762978, 19.2631279640066], [-99.1454920996037, 19.2638898726966], [-99.1427885303033, 19.2654283425106], [-99.139550305062, 19.2537551734865], [-99.1417896335198, 19.2488012376726], [-99.1492932556572, 19.244582920817], [-99.15523756523558, 19.2485097422649], [-99.156305008145, 19.2534870342859], [-99.16597128250982, 19.2617793688981]]]}"
4003,Sección 4003 · Tlalpan,16,5,6,19.30481134466037,-99.13595291853034,1045,896,886,urbana,1.7791831181037496e-05,"{""type"": ""Polygon"", ""coordinates"": [[[-99.1348109396583, 19.3082514463564], [-99.13281721474318, 19.3073542412279], [-99.1350421177056, 19.3044251635844], [-99.1349581754192, 19.3017514963825], [-99.1393990428769, 19.3030695600315], [-99.1348109396583, 19.3082514463564]]]}"
4004,Sección 4004 · Tlalpan,16,5,6,19.305601186331238,-99.13245860400234,1127,978,972,urbana,7.971715788988495e-06,"{""type"": ""Polygon"", ""coordinates"": [[[-99.13281721474318, 19.3073542412279], [-99.130548115843, 19.3063605085314], [-99.1314304356556, 19.3040713973946], [-99.13458085348819, 19.3050324184132], [-99.13281721474318, 19.3073542412279]]]}"
4005,Sección 4005 · Tlalpan,16,5,6,19.30000715271067,-99.13787774832346,1380,1269,1253,urbana,2.9756244445918047e-05,"{""type"": ""Polygon"", ""coordinates"": [[[-99.1389904726507, 19.3029419798886], [-99.1349581754192, 19.3017514963825], [-99.134587231313, 19.2965503004153], [-99.1425519652316, 19.2996430299576], [-99.1389904726507, 19.3029419798886]]]}"
4006,Sección 4006 · Tlalpan,16,5,6,19.302202525616867,-99.13333125763525,1996,1593,1579,urbana,1.4875753782130397e-05,"{""type"": ""Polygon"", ""coordinates"": [[[-99.13458085348819, 19.3050324184132], [-99.13479054546842, 19.2999412238105], [-99.1313467520264, 19.3001434590634], [-99.1320492816174, 19.3042386048265], [-99.13458085348819, 19.3050324184132]]]}"
4007,Sección 4007 · Tlalpan,16,5,6,19.303554916537685,-99.12992459989925,1312,1235,1231,urbana,1.3377594733795873e-05,"{""type"": ""Polygon"", ""coordinates"": [[[-99.130548115843, 19.3063605085314], [-99.1278901042243, 19.3051881401111], [-99.12966996758021, 19.302773864791], [-99.1282355126717, 19.3022457767365], [-99.1289617396334, 19.2997725991166], [-99.1289966072578, 19.3015997372052], [-99.131597764606, 19.3019937505081], [-99.130548115843, 19.3063605085314]]]}"
4008,Sección 4008 · Tlalpan,16,5,6,19.30254661993329,-99.12754855478691,1332,1194,1177,urbana,1.0734378107855317e-05,"{""type"": ""Polygon"", ""coordinates"": [[[-99.1278901042243, 19.3051881401111], [-99.1260552029157, 19.3044283814133], [-99.1275268143595, 19.2996301808412], [-99.1289617396334, 19.2997725991166], [-99.1282355126717, 19.3022457767365], [-99.12966996758021, 19.302773864791], [-99.1278901042243, 19.3051881401111]]]}"
4009,Sección 4009 · Tlalpan,16,5,6,19.300225693825364,-99.12796391903824,2172,1725,1706,urbana,1.9686928064817146e-05,"{""type"": ""Polygon"", ""coordinates"": [[[-99.1260552029157, 19.3044283814133], [-99.1245176588572, 19.3038244685736], [-99.1249307928172, 19.30027255043], [-99.12723959538522, 19.3002577379535], [-99.12721587415392, 19.2986499321019], [-99.12684647100181, 19.296836878639], [-99.1253745470751, 19.2972389755257], [-99.1275309988986, 19.2962419740765], [-99.1273661764799, 19.2977086030995], [-99.13120131268681, 19.2984500612047], [-99.13147110697969, 19.3018942688201], [-99.1275268143595, 19.2996301808412], [-99.1260552029157, 19.3044283814133]]]}"
4010,Sección 4010 · Tlalpan,16,5,6,19.3013983181902,-99.12326409745528,581,492,489,urbana,1.1951638879138894e-05,"{""type"": ""Polygon"", ""coordinates"": [[[-99.1245176588572, 19.3038244685736], [-99.12098874784812, 19.3025136024975], [-99.1207611338423, 19.3003576074253], [-99.1244348652075, 19.3003129429589], [-99.12517272278241, 19.2973597229489], [-99.1245176588572, 19.3038244685736]]]}"
4011,Sección 4011 · Tlalpan,16,5,6,19.300292092714972,-99.11943635789981,1051,1100,1085,urbana,1.0210091541337784e-05,"{""type"": ""Polygon"", ""coordinates"": [[[-99.12098874784812, 19.3025136024975], [-99.1214020155882, 19.3017065599484], [-99.11935640814471, 19.2975370213112], [-99.1178458260702, 19.3015629990525], [-99.12098874784812, 19.3025136024975]]]}"
4012,Sección 4012 · Tlalpan,16,5,6,19.299031949649848,-99.1172836513796,897,793,787,urbana,7.431445355232664e-06,"{""type"": ""Polygon"", ""coordinates"": [[[-99.1178458260702, 19.3015629990525], [-99.1191222485441, 19.297063575588], [-99.11542324395188, 19.2974520776557], [-99.1168215968746, 19.3013219178252], [-99.1178458260702, 19.3015629990525]]]}"
4013,Sección 4013 · Tlalpan,16,5,6,19.298658754759522,-99.11511191812993,1126,1075,1068,urbana,1.1483997998837583e-05,"{""type"": ""Polygon"", ""coordinates"": [[[-99.1168215968746, 19.3013219178252], [-99.1161592768136, 19.2971164704725], [-99.1144834197636, 19.2950458780712], [-99.11354708689659, 19.3005812317552], [-99.1168215968746, 19.3013219178252]]]}"
4014,Sección 4014 · Tlalpan,16,5,6,19.297121757333247,-99.11263570188284,1852,2001,1975,urbana,1.5214966767975757e-05,"{""type"": ""Polygon"", ""coordinates"": [[[-99.1137085695342, 19.3001653432963], [-99.1144834197636, 19.2950458780712], [-99.11036821746758, 19.2942915124745], [-99.11012826677688, 19.2957903984615], [-99.112075104815, 19.2961625635102], [-99.1114731503616, 19.3000553729119], [-99.1137085695342, 19.3001653432963]]]}"
4015,Sección 4015 · Tlalpan,16,5,6,19.29886867171267,-99.11061741040994,802,744,733,urbana,3.9374677085726055e-06,"{""type"": ""Polygon"", ""coordinates"": [[[-99.1114731503616, 19.3000553729119], [-99.1117767420084, 19.2982401890701], [-99.1098412324635, 19.2975833624582], [-99.10946507547712, 19.2996122783007], [-99.1114731503616, 19.3000553729119]]]}"
4016,Sección 4016 · Tlalpan,16,5,6,19.296960646074414,-99.1109901407803,1066,929,922,urbana,3.913859126817901e-06,"{""type"": ""Polygon"", ""coordinates"": [[[-99.11012826677688, 19.2957903984615], [-99.112075104815, 19.2961625635102], [-99.1117767420084, 19.2982401890701], [-99.1098412324635, 19.2975833624582], [-99.11012826677688, 19.2957903984615]]]}"
4017,Sección 4017 · Tlalpan,16,5,6,19.296513000799685,-99.10783734303361,1777,1688,1675,urbana,2.3644372971773572e-05,"{""type"": ""Polygon"", ""coordinates"": [[[-99.10946507547712, 19.2996122783007], [-99.11036821746758, 19.2942915124745], [-99.1056129809949, 19.2933913268678], [-99.10615310215839, 19.2996265587892], [-99.10946507547712, 19.2996122783007]]]}"
4018,Sección 4018 · Tlalpan,16,5,6,19.29834945018964,-99.10554239981386,941,706,698,urbana,2.6268740686749825e-06,"{""type"": ""Polygon"", ""coordinates"": [[[-99.10615310215839, 19.2996265587892], [-99.1057634838494, 19.2959524862475], [-99.10535523438021, 19.2959705446125], [-99.10498276012808, 19.2996949078534], [-99.10615310215839, 19.2996265587892]]]}"
4019,Sección 4019 · Tlalpan,16,5,6,19.29552609957022,-99.10520089738475,1159,767,761,urbana,3.657346125127814e-06,"{""type"": ""Polygon"", ""coordinates"": [[[-99.1056329221723, 19.293190295302], [-99.1056567653844, 19.2978417357858], [-99.1048839188604, 19.2978737555615], [-99.1045740732259, 19.2936202715166], [-99.1056329221723, 19.293190295302]]]}"
4020,Sección 4020 · Tlalpan,16,5,6,19.295491713343882,-99.10433376382046,773,730,726,urbana,3.1564685807587193e-06,"{""type"": ""Polygon"", ""coordinates"": [[[-99.1048517534458, 19.297281097093], [-99.10472213704858, 19.293911322039], [-99.1045740732259, 19.2936202715166], [-99.1038506057201, 19.2968784636506], [-99.1048517534458, 19.297281097093]]]}"
4021,Sección 4021 · Tlalpan,16,5,6,19.29847296422217,-99.10436732262701,909,744,730,urbana,2.7734679320931837e-06,"{""type"": ""Polygon"", ""coordinates"": [[[-99.10498276012808, 19.2996949078534], [-99.1048517534458, 19.297281097093], [-99.1038506057201, 19.2968784636506], [-99.103881544695, 19.2998480729819], [-99.10498276012808, 19.2996949078534]]]}"
4022,Sección 4022 · Tlalpan,16,5,6,19.295963265802172,-99.10338449571861,882,712,703,urbana,3.3831196766046694e-06,"{""type"": ""Polygon"", ""coordinates"": [[[-99.1038529237931, 19.2979582098926], [-99.10384474495139, 19.2941482873433], [-99.10381921551668, 19.2939267981478], [-99.1028167493208, 19.2980407274417], [-99.1038529237931, 19.2979582098926]]]}"
4023,Sección 4023 · Tlalpan,16,5,6,19.29849781745302,-99.10339870906381,691,563,560,urbana,1.570646849875167e-06,"{""type"": ""Polygon"", ""coordinates"": [[[-99.1038780860299, 19.2997167893082], [-99.1038529237931, 19.2979582098926], [-99.1033744565024, 19.2974606766347], [-99.10277018313741, 19.2986851612547], [-99.1038780860299, 19.2997167893082]]]}"
4024,Sección 4024 · Tlalpan,16,5,6,19.292759589842962,-99.11035713523056,1428,1306,1295,urbana,1.613266122326122e-05,"{""type"": ""Polygon"", ""coordinates"": [[[-99.1124610852048, 19.294687658377], [-99.1056129809949, 19.2933913268678], [-99.1056329221723, 19.293190295302], [-99.1129306009608, 19.2902690673253], [-99.1124610852048, 19.294687658377]]]}"
4025,Sección 4025 · Tlalpan,16,5,6,19.292309347843627,-99.11390651852831,1051,1001,990,urbana,1.0637320234726247e-05,"{""type"": ""Polygon"", ""coordinates"": [[[-99.1144834197636, 19.2950458780712], [-99.1124610852048, 19.294687658377], [-99.1129306009608, 19.2902690673253], [-99.1146790760628, 19.2895060973816], [-99.1144834197636, 19.2950458780712]]]}"
4026,Sección 4026 · Tlalpan,16,5,6,19.29294268347934,-99.1158167251196,1005,758,743,urbana,8.625527951888965e-06,"{""type"": ""Polygon"", ""coordinates"": [[[-99.11503429799208, 19.2951465988406], [-99.1144834197636, 19.2950458780712], [-99.1155320408227, 19.2897659224943], [-99.1176048190934, 19.2939954199433], [-99.11503429799208, 19.2951465988406]]]}"
4027,Sección 4027 · Tlalpan,16,5,6,19.29533220674581,-99.11673101948973,1512,1136,1121,urbana,4.849019909704436e-06,"{""type"": ""Polygon"", ""coordinates"": [[[-99.1176048190934, 19.2939954199433], [-99.11503429799208, 19.2951465988406], [-99.1159275801964, 19.2966805682352], [-99.11839076628502, 19.2955845762828], [-99.1176048190934, 19.2939954199433]]]}"
4028,Sección 4028 · Tlalpan,16,5,6,19.29647154120343,-99.11736139353825,946,796,782,urbana,2.2240189136302223e-06,"{""type"": ""Polygon"", ""coordinates"": [[[-99.116274020174, 19.2973323421761], [-99.1159414807332, 19.2966249698512], [-99.11839076628502, 19.2955845762828], [-99.1187791722296, 19.2963699060954], [-99.116274020174, 19.2973323421761]]]}"
4029,Sección 4029 · Tlalpan,16,5,6,19.297217765850284,-99.117704254929,1045,939,928,urbana,2.1756128673724363e-06,"{""type"": ""Polygon"", ""coordinates"": [[[-99.1191222485441, 19.297063575588], [-99.1166135074146, 19.2980259357538], [-99.116274020174, 19.2973323421761], [-99.1187791722296, 19.2963699060954], [-99.1191222485441, 19.297063575588]]]}"
4030,Sección 4030 · Tlalpan,16,5,6,19.298280899087498,-99.12160643453309,1228,914,904,urbana,5.8070389071766685e-06,"{""type"": ""Polygon"", ""coordinates"": [[[-99.1203280592935, 19.2995876975789], [-99.1196443521557, 19.298119209556], [-99.12319974556411, 19.2971290001886], [-99.1237608401458, 19.2983460751477], [-99.1203280592935, 19.2995876975789]]]}"
4031,Sección 4031 · Tlalpan,16,5,6,19.2990713499334,-99.12314729326629,1034,900,887,urbana,7.694555461776202e-06,"{""type"": ""Polygon"", ""coordinates"": [[[-99.12044785474191, 19.2997351718282], [-99.1244348652075, 19.3003129429589], [-99.12523064099848, 19.2966623763404], [-99.12319974556411, 19.2971290001886], [-99.1237608401458, 19.2983460751477], [-99.12044785474191, 19.2997351718282]]]}"
4032,Sección 4032 · Tlalpan,16,5,6,19.296390157188544,-99.12810838457011,2071,1857,1836,urbana,3.048832591557806e-05,"{""type"": ""Polygon"", ""coordinates"": [[[-99.12523064099848, 19.2966623763404], [-99.1249307928172, 19.30027255043], [-99.12723959538522, 19.3002577379535], [-99.12684647100181, 19.296836878639], [-99.12545528207139, 19.2968299914223], [-99.1275309988986, 19.2962419740765], [-99.1273661764799, 19.2977086030995], [-99.13135716464228, 19.2984590051801], [-99.13138271809241, 19.2961721485057], [-99.1333409858898, 19.2960737129637], [-99.12579137401121, 19.2927868250236], [-99.12523064099848, 19.2966623763404]]]}"
4033,Sección 4033 · Tlalpan,16,5,6,19.29742833964478,-99.14337641163061,2095,1867,1851,urbana,2.2191516446714215e-05,"{""type"": ""Polygon"", ""coordinates"": [[[-99.1445483991431, 19.3003839108146], [-99.1399961812964, 19.2986517114948], [-99.1413788743353, 19.2954788822726], [-99.1465110510005, 19.2951435393469], [-99.1445483991431, 19.3003839108146]]]}"
4034,Sección 4034 · Tlalpan,16,5,6,19.296433982151438,-99.13769000679636,1578,1438,1419,urbana,1.6574088104039425e-05,"{""type"": ""Polygon"", ""coordinates"": [[[-99.1399961812964, 19.2986517114948], [-99.1413788743353, 19.2954788822726], [-99.1325602987949, 19.2957491766594], [-99.1333409858898, 19.2960737129637], [-99.1399961812964, 19.2986517114948]]]}"
4035,Sección 4035 · Tlalpan,16,5,6,19.296026833867938,-99.12395127875193,1532,722,709,urbana,4.8537120124906554e-06,"{""type"": ""Polygon"", ""coordinates"": [[[-99.1253580522896, 19.2952661745027], [-99.12395935130259, 19.2972704083106], [-99.1223322455865, 19.2951681559279], [-99.1237676917043, 19.2948752221962], [-99.1253580522896, 19.2952661745027]]]}"
4036,Sección 4036 · Tlalpan,16,5,6,19.294736564762612,-99.12266699832169,1005,1387,1369,urbana,1.530672982861441e-05,"{""type"": ""Polygon"", ""coordinates"": [[[-99.12332935957188, 19.2920967176721], [-99.1256824360623, 19.2929210365744], [-99.1253580522896, 19.2952661745027], [-99.1223322455865, 19.2951681559279], [-99.1232980197361, 19.2971210052033], [-99.1209891792292, 19.2975594587217], [-99.1195759336644, 19.2932606042575], [-99.12307230293759, 19.2940058185006], [-99.12332935957188, 19.2920967176721]]]}"
4037,Sección 4037 · Tlalpan,16,5,6,19.295220363239558,-99.11923570204911,1224,911,907,urbana,1.0079284266999767e-05,"{""type"": ""Polygon"", ""coordinates"": [[[-99.1195759336644, 19.2932606042575], [-99.1209891792292, 19.2975594587217], [-99.1196443521557, 19.298119209556], [-99.1169609183636, 19.2926934504502], [-99.1195759336644, 19.2932606042575]]]}"
4038,Sección 4038 · Tlalpan,16,5,6,19.29084552861185,-99.11754394760561,926,966,955,urbana,1.1079955446973903e-05,"{""type"": ""Polygon"", ""coordinates"": [[[-99.1183826408194, 19.2930060951515], [-99.1169609183636, 19.2926934504502], [-99.1146790760628, 19.2895060973816], [-99.1179490607553, 19.2880539450515], [-99.1163883051214, 19.2894108499363], [-99.1203224033033, 19.2909528695448], [-99.1183826408194, 19.2930060951515]]]}"
4039,Sección 4039 · Tlalpan,16,5,6,19.29242940224929,-99.11992537648975,1046,898,889,urbana,3.1065065577058133e-06,"{""type"": ""Polygon"", ""coordinates"": [[[-99.1203083004696, 19.2934168016027], [-99.1183826408194, 19.2930060951515], [-99.1202682737385, 19.291044303523], [-99.1211817849686, 19.2921951163974], [-99.1203083004696, 19.2934168016027]]]}"
4040,Sección 4040 · Tlalpan,16,5,6,19.292143907974072,-99.12184869161071,1160,986,977,urbana,3.354058504383173e-06,"{""type"": ""Polygon"", ""coordinates"": [[[-99.1231960475611, 19.2930543012358], [-99.12332935957188, 19.2920967176721], [-99.1203224033033, 19.2909528695448], [-99.12065527071128, 19.2927596077462], [-99.1231960475611, 19.2930543012358]]]}"
4041,Sección 4041 · Tlalpan,16,5,6,19.293319606430074,-99.12183119145686,882,723,719,urbana,2.3040178241918192e-06,"{""type"": ""Polygon"", ""coordinates"": [[[-99.12307230293759, 19.2940058185006], [-99.1203083004696, 19.2934168016027], [-99.12036968258799, 19.2928327116162], [-99.1231960475611, 19.2930543012358], [-99.12307230293759, 19.2940058185006]]]}"
4042,Sección 4042 · Tlalpan,16,5,6,19.291449173235502,-99.1235805159341,990,986,977,urbana,7.0462663209710305e-06,"{""type"": ""Polygon"", ""coordinates"": [[[-99.1256824360623, 19.2929210365744], [-99.1254144783226, 19.2929092770975], [-99.1203224033033, 19.2909528695448], [-99.1258333339847, 19.2910918029835], [-99.1256824360623, 19.2929210365744]]]}"
4043,Sección 4043 · Tlalpan,16,5,6,19.29270264363696,-99.12742315789608,1014,887,881,urbana,4.3426081620996495e-06,"{""type"": ""Polygon"", ""coordinates"": [[[-99.1287459186193, 19.2939112662346], [-99.1256824360623, 19.2929210365744], [-99.1257855700859, 19.2917291312931], [-99.12944033498029, 19.2925470784343], [-99.1287459186193, 19.2939112662346]]]}"
4044,Sección 4044 · Tlalpan,16,5,6,19.2916039153145,-99.12820679269223,863,865,861,urbana,3.3094115464491343e-06,"{""type"": ""Polygon"", ""coordinates"": [[[-99.12944033498029, 19.2925470784343], [-99.1257855700859, 19.2917291312931], [-99.1258027166978, 19.2914179876876], [-99.1292367281826, 19.2902776484822], [-99.12944033498029, 19.2925470784343]]]}"
4045,Sección 4045 · Tlalpan,16,5,6,19.29322235661759,-99.12955026559473,836,763,753,urbana,2.2539377923147558e-06,"{""type"": ""Polygon"", ""coordinates"": [[[-99.1298925032999, 19.2943656912557], [-99.1287459186193, 19.2939112662346], [-99.1295362612557, 19.2917483481331], [-99.130320695774, 19.2923366620801], [-99.1298925032999, 19.2943656912557]]]}"
4046,Sección 4046 · Tlalpan,16,5,6,19.29367102264765,-99.13199632085552,1056,985,972,urbana,1.2103124166297167e-05,"{""type"": ""Polygon"", ""coordinates"": [[[-99.13505920697719, 19.2951631096583], [-99.1298925032999, 19.2943656912557], [-99.1306334156149, 19.2906302484603], [-99.1320945901782, 19.2920320161191], [-99.13505920697719, 19.2951631096583]]]}"
4047,Sección 4047 · Tlalpan,16,5,6,19.291906125790504,-99.1338829249454,577,766,755,urbana,6.593091322183246e-06,"{""type"": ""Polygon"", ""coordinates"": [[[-99.13436516797032, 19.2943903660065], [-99.1319179996465, 19.2919969349595], [-99.135355739784, 19.2890507131658], [-99.1336580232313, 19.2920038778676], [-99.13522907121961, 19.2936108692434], [-99.13436516797032, 19.2943903660065]]]}"
4048,Sección 4048 · Tlalpan,16,5,6,19.29280561599423,-99.13523232528199,822,667,649,urbana,7.2407110619865284e-06,"{""type"": ""Polygon"", ""coordinates"": [[[-99.13631344630708, 19.295190911703], [-99.1336580232313, 19.2920038778676], [-99.1355016365864, 19.2900191411814], [-99.1358781191627, 19.2912721456345], [-99.13631344630708, 19.295190911703]]]}"
4049,Sección 4049 · Tlalpan,16,5,6,19.2933071846542,-99.13772773006129,1623,1522,1504,urbana,6.973961408663516e-06,"{""type"": ""Polygon"", ""coordinates"": [[[-99.13628138018052, 19.2946229316126], [-99.1360269586501, 19.2926311714882], [-99.1393707775075, 19.291602809197], [-99.1389579414384, 19.294449163559], [-99.13628138018052, 19.2946229316126]]]}"
4050,Sección 4050 · Tlalpan,16,5,6,19.294238842161825,-99.14062663385522,1541,1449,1438,urbana,1.3230012529093604e-05,"{""type"": ""Polygon"", ""coordinates"": [[[-99.1394619747034, 19.2910427073956], [-99.1403707152444, 19.2933089993926], [-99.1452151792201, 19.2948239882023], [-99.13631344630708, 19.295190911703], [-99.1389579414384, 19.294449163559], [-99.1394619747034, 19.2910427073956]]]}"
4051,Sección 4051 · Tlalpan,16,5,6,19.298021768314033,-99.14763752841026,1673,1496,1478,urbana,2.4629030390920057e-05,"{""type"": ""Polygon"", ""coordinates"": [[[-99.1506868208003, 19.298659749466], [-99.14744035130688, 19.3012847184136], [-99.1445483991431, 19.3003839108146], [-99.1476847653487, 19.2935129954385], [-99.1506868208003, 19.298659749466]]]}"
4052,Sección 4052 · Tlalpan,16,5,6,19.295478524604572,-99.15109077906666,1230,1180,1171,urbana,1.1447302831859548e-05,"{""type"": ""Polygon"", ""coordinates"": [[[-99.1515294163717, 19.2980606104657], [-99.1482606609251, 19.2955578917032], [-99.150549381018, 19.295876129577], [-99.1516740896635, 19.292789773417], [-99.1530686375623, 19.2943704039508], [-99.1515294163717, 19.2980606104657]]]}"
4053,Sección 4053 · Tlalpan,16,5,6,19.29431125281695,-99.15292423911069,1128,926,918,urbana,1.9165458805799725e-05,"{""type"": ""Polygon"", ""coordinates"": [[[-99.1521173645524, 19.297783987654], [-99.1530271133193, 19.2941702612723], [-99.1516740896635, 19.292789773417], [-99.1505655504118, 19.2938346756122], [-99.1495789064999, 19.2913287211143], [-99.1514872095303, 19.2901002637572], [-99.1563557179803, 19.2968472755713], [-99.1521173645524, 19.297783987654]]]}"
4054,Sección 4054 · Tlalpan,16,5,6,19.29359824191423,-99.1490772348793,1228,1173,1160,urbana,9.486764517496077e-06,"{""type"": ""Polygon"", ""coordinates"": [[[-99.14725191765818, 19.2934089808619], [-99.1465110510005, 19.2951435393469], [-99.1476847653487, 19.2935129954385], [-99.150549381018, 19.295876129577], [-99.1495789064999, 19.2913287211143], [-99.14725191765818, 19.2934089808619]]]}"
4055,Sección 4055 · Tlalpan,16,5,6,19.2924914606242,-99.14666339998588,1546,1460,1440,urbana,1.2452563423620942e-05,"{""type"": ""Polygon"", ""coordinates"": [[[-99.14647029629882, 19.2951344597435], [-99.1436937270888, 19.2940186084076], [-99.14415487086131, 19.2926091050858], [-99.1457363091111, 19.2930822838808], [-99.14726438994371, 19.2893575795844], [-99.1495789064999, 19.2913287211143], [-99.14647029629882, 19.2951344597435]]]}"
4056,Sección 4056 · Tlalpan,16,5,6,19.292292559519897,-99.14250456884947,1225,1092,1086,urbana,1.394281138545446e-05,"{""type"": ""Polygon"", ""coordinates"": [[[-99.1451038248674, 19.2946901982943], [-99.1403707152444, 19.2933089993926], [-99.13960225800221, 19.2901587728111], [-99.14614669847978, 19.2920960509994], [-99.14415487086131, 19.2926091050858], [-99.1436937270888, 19.2940186084076], [-99.1451038248674, 19.2946901982943]]]}"
4057,Sección 4057 · Tlalpan,16,5,6,19.291045619067532,-99.13692638100119,1436,1458,1444,urbana,6.947424077946617e-06,"{""type"": ""Polygon"", ""coordinates"": [[[-99.1389470033714, 19.2916031320722], [-99.1360269586501, 19.2926311714882], [-99.1353668127159, 19.2889164781613], [-99.1388365770099, 19.2908897173879], [-99.1389470033714, 19.2916031320722]]]}"
4058,Sección 4058 · Tlalpan,16,5,6,19.288865254083852,-99.13301411963602,2032,1563,1550,urbana,1.795005203044726e-05,"{""type"": ""Polygon"", ""coordinates"": [[[-99.1306334156149, 19.2906302484603], [-99.1319179996465, 19.2919969349595], [-99.135355739784, 19.2890507131658], [-99.13606146854639, 19.2871419285167], [-99.1336415212057, 19.2869287055173], [-99.1349740212065, 19.2853311152656], [-99.1326258964289, 19.2855888314794], [-99.1314771903457, 19.2891481117644], [-99.12979937427761, 19.2897608535966], [-99.1306334156149, 19.2906302484603]]]}"
4059,Sección 4059 · Tlalpan,16,5,6,19.291081752571866,-99.1298701637545,843,813,807,urbana,2.582495073391992e-06,"{""type"": ""Polygon"", ""coordinates"": [[[-99.12979937427761, 19.2897608535966], [-99.1306334156149, 19.2906302484603], [-99.130320695774, 19.2923366620801], [-99.1290947848454, 19.2916873227216], [-99.12979937427761, 19.2897608535966]]]}"
4060,Sección 4060 · Tlalpan,16,5,6,19.289954918265373,-99.12862085690554,907,829,821,urbana,2.6364728849903513e-06,"{""type"": ""Polygon"", ""coordinates"": [[[-99.12979937427761, 19.2897608535966], [-99.1296690810559, 19.2900056411534], [-99.1276409972806, 19.2912815585892], [-99.128739921187, 19.2886180846512], [-99.12979937427761, 19.2897608535966]]]}"
4061,Sección 4061 · Tlalpan,16,5,6,19.290813725768224,-99.12673297327076,798,721,718,urbana,2.3080512960543388e-06,"{""type"": ""Polygon"", ""coordinates"": [[[-99.1258333339847, 19.2910918029835], [-99.12726226593861, 19.2915045413187], [-99.12773687383242, 19.2903164803632], [-99.12593333423018, 19.2899704187991], [-99.1258333339847, 19.2910918029835]]]}"
4062,Sección 4062 · Tlalpan,16,5,6,19.289510042550617,-99.12704702502468,792,728,717,urbana,2.786506994096458e-06,"{""type"": ""Polygon"", ""coordinates"": [[[-99.12593333423018, 19.2899704187991], [-99.12773687383242, 19.2903164803632], [-99.1282862312407, 19.2890257266574], [-99.1260366790346, 19.2887516129014], [-99.12593333423018, 19.2899704187991]]]}"
4063,Sección 4063 · Tlalpan,16,5,6,19.29037282400602,-99.12483816187722,765,698,691,urbana,2.3034192239278596e-06,"{""type"": ""Polygon"", ""coordinates"": [[[-99.12593333423018, 19.2899704187991], [-99.1258333339847, 19.2910918029835], [-99.1236740300605, 19.2905218470886], [-99.1236563078579, 19.2897208106806], [-99.12593333423018, 19.2899704187991]]]}"
4064,Sección 4064 · Tlalpan,16,5,6,19.29004298806242,-99.12260847109178,942,805,795,urbana,2.6215614617521736e-06,"{""type"": ""Polygon"", ""coordinates"": [[[-99.1236740300605, 19.2905218470886], [-99.1230194322619, 19.2911428189288], [-99.1210425266761, 19.290367410063], [-99.1235421513232, 19.289301221435], [-99.1236740300605, 19.2905218470886]]]}"
4065,Sección 4065 · Tlalpan,16,5,6,19.288753590009758,-99.11999979761468,1167,1181,1167,urbana,1.4706285854647949e-05,"{""type"": ""Polygon"", ""coordinates"": [[[-99.1221125399633, 19.2893401664002], [-99.1203224033033, 19.2909528695448], [-99.1163883051214, 19.2894108499363], [-99.1223340329417, 19.2861999496779], [-99.1221125399633, 19.2893401664002]]]}"
4066,Sección 4066 · Tlalpan,16,5,6,19.28838338402906,-99.1230267842983,931,829,823,urbana,3.1169167700649736e-06,"{""type"": ""Polygon"", ""coordinates"": [[[-99.1235421513232, 19.289301221435], [-99.1221617784031, 19.2894309181958], [-99.12224831450551, 19.28741359316], [-99.1245956358088, 19.2877362911257], [-99.1235421513232, 19.289301221435]]]}"
4067,Sección 4067 · Tlalpan,16,5,6,19.286643892936738,-99.12365447787047,1128,961,949,urbana,4.493723072563127e-06,"{""type"": ""Polygon"", ""coordinates"": [[[-99.1245956358088, 19.2877362911257], [-99.12224831450551, 19.28741359316], [-99.1223340329417, 19.2861999496779], [-99.1250237773545, 19.2852420054424], [-99.1245956358088, 19.2877362911257]]]}"
4068,Sección 4068 · Tlalpan,16,5,6,19.28899231368686,-99.12482208876389,1038,1033,1026,urbana,4.028454749338578e-06,"{""type"": ""Polygon"", ""coordinates"": [[[-99.1260366790346, 19.2887516129014], [-99.12593333423018, 19.2899704187991], [-99.1236563078579, 19.2897208106806], [-99.12370527600692, 19.2880484704534], [-99.1260366790346, 19.2887516129014]]]}"
4069,Sección 4069 · Tlalpan,16,5,6,19.286910059177103,-99.12540723383914,943,883,872,urbana,3.865749716263423e-06,"{""type"": ""Polygon"", ""coordinates"": [[[-99.1260844593328, 19.2882935224523], [-99.1245567317598, 19.2881069594155], [-99.1250237773545, 19.2852420054424], [-99.12626815280979, 19.286343357055], [-99.1260844593328, 19.2882935224523]]]}"
4070,Sección 4070 · Tlalpan,16,5,6,19.28684803125142,-99.12697603998456,1007,1006,1000,urbana,7.731961775039123e-06,"{""type"": ""Polygon"", ""coordinates"": [[[-99.1250237773545, 19.2852420054424], [-99.1260366790346, 19.2887516129014], [-99.1286835581423, 19.2890686617019], [-99.12714103587919, 19.2868605899963], [-99.1279385979991, 19.2844260096153], [-99.1250237773545, 19.2852420054424]]]}"
4071,Sección 4071 · Tlalpan,16,5,6,19.287429627831845,-99.12967766575518,2035,2084,2066,urbana,1.0149795386391526e-05,"{""type"": ""Polygon"", ""coordinates"": [[[-99.1303967921269, 19.2886826935832], [-99.12979937427761, 19.2897608535966], [-99.1273019596159, 19.2864376727882], [-99.1317738564668, 19.2859118867086], [-99.1303967921269, 19.2886826935832]]]}"
4072,Sección 4072 · Tlalpan,16,5,6,19.28722230905559,-99.13199906826742,884,1122,1111,urbana,3.4427016069490947e-06,"{""type"": ""Polygon"", ""coordinates"": [[[-99.13270591858151, 19.2857655192698], [-99.1314771903457, 19.2891481117644], [-99.1303967921269, 19.2886826935832], [-99.1317738564668, 19.2859118867086], [-99.13270591858151, 19.2857655192698]]]}"
4073,Sección 4073 · Tlalpan,16,5,6,19.28500413068947,-99.13015285035496,1646,1585,1570,urbana,1.0399342137457566e-05,"{""type"": ""Polygon"", ""coordinates"": [[[-99.1279385979991, 19.2844260096153], [-99.1273019596159, 19.2864376727882], [-99.13270591858151, 19.2857655192698], [-99.1319866122192, 19.2832952081472], [-99.1279385979991, 19.2844260096153]]]}"
4074,Sección 4074 · Tlalpan,16,5,6,19.284350724754503,-99.1352670092505,1079,1050,1043,urbana,1.9905840867577746e-05,"{""type"": ""Polygon"", ""coordinates"": [[[-99.13606146854639, 19.2871419285167], [-99.1336415212057, 19.2869287055173], [-99.1349740212065, 19.2853311152656], [-99.1326258964289, 19.2855888314794], [-99.1319866122192, 19.2832952081472], [-99.13894307200471, 19.2822348216175], [-99.13606146854639, 19.2871419285167]]]}"
4075,Sección 4075 · Tlalpan,16,5,6,19.288625286913415,-99.13825644738601,1519,1302,1292,urbana,1.729455266252287e-05,"{""type"": ""Polygon"", ""coordinates"": [[[-99.1393707775075, 19.291602809197], [-99.1353668127159, 19.2889164781613], [-99.1365778426784, 19.2860678122025], [-99.14201473444591, 19.2884189955229], [-99.1399961681498, 19.2887145704537], [-99.1393707775075, 19.291602809197]]]}"
4076,Sección 4076 · Tlalpan,16,5,6,19.290341588452186,-99.14395925396873,1240,1156,1145,urbana,1.0463625959929365e-05,"{""type"": ""Polygon"", ""coordinates"": [[[-99.1468330084506, 19.2904908885563], [-99.14614669847978, 19.2920960509994], [-99.1411654218776, 19.2902017733879], [-99.14201473444591, 19.2884189955229], [-99.1468330084506, 19.2904908885563]]]}"
4077,Sección 4077 · Tlalpan,16,5,6,19.28706148492458,-99.14383584252924,1820,1611,1588,urbana,5.024769726070679e-05,"{""type"": ""Polygon"", ""coordinates"": [[[-99.13894307200471, 19.2822348216175], [-99.1365778426784, 19.2860678122025], [-99.1495789064999, 19.2913287211143], [-99.1514872095303, 19.2901002637572], [-99.14725508624909, 19.2852139223475], [-99.1454608601673, 19.2874918271603], [-99.13894307200471, 19.2822348216175]]]}"
4078,Sección 4078 · Tlalpan,16,5,6,19.284672324233664,-99.14383780893165,1642,1386,1370,urbana,1.4980761132757599e-05,"{""type"": ""Polygon"", ""coordinates"": [[[-99.14725508624909, 19.2852139223475], [-99.1454608601673, 19.2874918271603], [-99.13894307200471, 19.2822348216175], [-99.1437667027388, 19.2833430002679], [-99.14725508624909, 19.2852139223475]]]}"
4079,Sección 4079 · Tlalpan,16,5,6,19.289504110743753,-99.15558581639985,866,882,873,urbana,2.3613632933490845e-05,"{""type"": ""Polygon"", ""coordinates"": [[[-99.1537914325308, 19.2930872612628], [-99.1514872095303, 19.2901002637572], [-99.15693282197529, 19.2866298511063], [-99.15962579443641, 19.2882934444402], [-99.1537914325308, 19.2930872612628]]]}"
4080,Sección 4080 · Tlalpan,16,5,6,19.291745165572177,-99.15762240697097,1255,1163,1155,urbana,2.2144982982780405e-05,"{""type"": ""Polygon"", ""coordinates"": [[[-99.15537030091299, 19.2951354131295], [-99.1541184033017, 19.2920658296319], [-99.15962579443641, 19.2882934444402], [-99.1620837125716, 19.2901682450616], [-99.15537030091299, 19.2951354131295]]]}"
4081,Sección 4081 · Tlalpan,16,5,1,19.28681853181139,-99.16077864539197,1644,1284,1271,urbana,2.0313037661105554e-05,"{""type"": ""Polygon"", ""coordinates"": [[[-99.1620837125716, 19.2901682450616], [-99.15693282197529, 19.2866298511063], [-99.1608104836742, 19.2840253173293], [-99.1629567295696, 19.284673723529], [-99.1623112255317, 19.2863818440637], [-99.16345336518978, 19.2867188144066], [-99.1620837125716, 19.2901682450616]]]}"
4082,Sección 4082 · Tlalpan,16,5,1,19.284242698608328,-99.16295000327776,1091,716,711,urbana,7.699760695970499e-06,"{""type"": ""Polygon"", ""coordinates"": [[[-99.16345336518978, 19.2867188144066], [-99.1623112255317, 19.2863818440637], [-99.1629567295696, 19.284673723529], [-99.1608104836742, 19.2840253173293], [-99.1621747222975, 19.2822552223205], [-99.1645778571972, 19.2833734530457], [-99.16345336518978, 19.2867188144066]]]}"
4083,Sección 4083 · Tlalpan,16,5,6,19.282136809000438,-99.15988421917731,1088,841,830,urbana,1.5944595492265282e-05,"{""type"": ""Polygon"", ""coordinates"": [[[-99.15693282197529, 19.2866298511063], [-99.162933618584, 19.2814564972817], [-99.160475453432, 19.2807858105892], [-99.15923545643331, 19.2783785110367], [-99.1582007068418, 19.2792857804473], [-99.1600174710365, 19.28199513488], [-99.15693282197529, 19.2866298511063]]]}"
4084,Sección 4084 · Tlalpan,16,5,6,19.280492453789968,-99.15487997008418,1183,1099,1084,urbana,8.296976796102053e-05,"{""type"": ""Polygon"", ""coordinates"": [[[-99.15635260116639, 19.2858584688791], [-99.15992150136721, 19.2822659738592], [-99.1582007068418, 19.2792857804473], [-99.15994875590322, 19.2766088978547], [-99.15482381843708, 19.2734555626944], [-99.1533171177018, 19.2785097510613], [-99.1504432849325, 19.2786296414119], [-99.1482859338415, 19.2833273339884], [-99.15635260116639, 19.2858584688791]]]}"
4085,Sección 4085 · Tlalpan,16,5,6,19.2785970719227,-99.16185932613631,459,1050,1037,urbana,1.7442206872039257e-05,"{""type"": ""Polygon"", ""coordinates"": [[[-99.162933618584, 19.2814564972817], [-99.160475453432, 19.2807858105892], [-99.1590570633913, 19.277921956543], [-99.15994875590322, 19.2766088978547], [-99.1581358302943, 19.2749579769241], [-99.1607021907447, 19.2759620937832], [-99.1596575869756, 19.2775254928093], [-99.1653304704855, 19.2768705558211], [-99.162933618584, 19.2814564972817]]]}"
4086,Sección 4086 · Tlalpan,16,5,1,19.280848298589365,-99.16463997416523,1559,1403,1383,urbana,1.0226492181810702e-05,"{""type"": ""Polygon"", ""coordinates"": [[[-99.1671586728759, 19.2791845032624], [-99.1645778571972, 19.2833734530457], [-99.1623627029099, 19.2823803196386], [-99.1646038515916, 19.2787559133264], [-99.1671586728759, 19.2791845032624]]]}"
4087,Sección 4087 · Tlalpan,16,5,4,19.274602020449876,-99.16611403124864,1600,1553,1537,urbana,1.9695791021694896e-05,"{""type"": ""Polygon"", ""coordinates"": [[[-99.16442720750749, 19.2786745915736], [-99.1671586728759, 19.2791845032624], [-99.168124833138, 19.2739229263557], [-99.16736284175188, 19.2719193821603], [-99.1636845168374, 19.2704339748684], [-99.16608547632629, 19.2760338963945], [-99.16442720750749, 19.2786745915736]]]}"
4088,Sección 4088 · Tlalpan,16,5,4,19.275971946513263,-99.16324355490497,1450,606,600,urbana,5.324234098668923e-06,"{""type"": ""Polygon"", ""coordinates"": [[[-99.1638726583045, 19.2776273343576], [-99.1626893228208, 19.2774030690442], [-99.1616755021936, 19.2742260775787], [-99.164638033551, 19.2754993924865], [-99.1638726583045, 19.2776273343576]]]}"
4089,Sección 4089 · Tlalpan,16,5,6,19.276837607643163,-99.16134844080416,404,615,610,urbana,3.493047979659503e-06,"{""type"": ""Polygon"", ""coordinates"": [[[-99.1626893228208, 19.2774030690442], [-99.16214907896068, 19.2780781465849], [-99.1596575869756, 19.2775254928093], [-99.16162334799012, 19.2753478670985], [-99.1626893228208, 19.2774030690442]]]}"
4090,Sección 4090 · Tlalpan,16,5,4,19.275018543190594,-99.16111196987721,1730,1161,1152,urbana,5.301221494005874e-06,"{""type"": ""Polygon"", ""coordinates"": [[[-99.1626893228208, 19.2774030690442], [-99.16162334799012, 19.2753478670985], [-99.15944701530461, 19.2754855485422], [-99.160850330736, 19.2726841787075], [-99.1626893228208, 19.2774030690442]]]}"
4091,Sección 4091 · Tlalpan,16,5,4,19.273273698255323,-99.16331261311933,2232,1763,1745,urbana,1.693611038470802e-05,"{""type"": ""Polygon"", ""coordinates"": [[[-99.16091084478892, 19.272675780099], [-99.1645126603218, 19.2753607603829], [-99.1652020775765, 19.2774153221115], [-99.16608547632629, 19.2760338963945], [-99.1636845168374, 19.2704339748684], [-99.1618784056257, 19.2697390941648], [-99.16091084478892, 19.272675780099]]]}"
4092,Sección 4092 · Tlalpan,16,5,6,19.298219270714423,-99.13298356446629,1204,985,976,urbana,1.2423569356325339e-05,"{""type"": ""Polygon"", ""coordinates"": [[[-99.13479054546842, 19.2999412238105], [-99.1313467520264, 19.3001434590634], [-99.13138271809241, 19.2961721485057], [-99.134587231313, 19.2965503004153], [-99.13479054546842, 19.2999412238105]]]}"
4093,Sección 4093 · Tlalpan,16,5,6,19.289791540172292,-99.14073614258005,308,249,247,urbana,2.498062129238754e-06,"{""type"": ""Polygon"", ""coordinates"": [[[-99.1419297801789, 19.290828863829], [-99.13977990309681, 19.290205843152], [-99.1399961681498, 19.2887145704537], [-99.1415979549526, 19.2893179355815], [-99.1419297801789, 19.290828863829]]]}"
4094,Sección 4094 · Tlalpan,16,5,6,19.28562708212295,-99.1500667577546,735,517,511,urbana,4.2409115126627714e-05,"{""type"": ""Polygon"", ""coordinates"": [[[-99.1410258516456, 19.2825025789886], [-99.147438519222, 19.2853461983624], [-99.1514872095303, 19.2901002637572], [-99.15693282197529, 19.2866298511063], [-99.1411579864873, 19.2812203103442], [-99.1410258516456, 19.2825025789886]]]}"
5518,Sección 5518 · Tlalpan,16,5,6,19.29889691103769,-99.1021234295938,1210,694,689,urbana,4.93390515768511e-06,"{""type"": ""Polygon"", ""coordinates"": [[[-99.1008970245874, 19.300015493663], [-99.103881544695, 19.2998480729819], [-99.10286331541948, 19.2973962938263], [-99.1010867786268, 19.2979038033495], [-99.1008970245874, 19.300015493663]]]}"
5519,Sección 5519 · Tlalpan,16,5,6,19.296157918680745,-99.10207187555119,489,349,348,urbana,4.918160206341756e-06,"{""type"": ""Polygon"", ""coordinates"": [[[-99.1013282900946, 19.295200573703], [-99.1029338773552, 19.2943113953112], [-99.10190857108809, 19.2979033536459], [-99.1010867786268, 19.2979038033495], [-99.1013282900946, 19.295200573703]]]}"
5544,Sección 5544 · Tlalpan,16,5,4,19.24440905972171,-99.14446516254526,2200,1950,1929,urbana,4.899522525116689e-05,"{""type"": ""Polygon"", ""coordinates"": [[[-99.141770475205, 19.2489508232439], [-99.1388888889961, 19.2455555556539], [-99.1403825263144, 19.2436210527234], [-99.14417991063969, 19.2447000376231], [-99.1439040783975, 19.2397342211634], [-99.1461086967681, 19.239329248748], [-99.1502627002238, 19.2451847998522], [-99.1484908739055, 19.2447440435591], [-99.141770475205, 19.2489508232439]]]}"
